Tools	Port 10: NDI-MF2 610066   T6d0-S00108  s/n:37B31800 Channel:0	Frame	Face	State	Q0	Qx	Qy	Qz	Tx	Ty	Tz	Error	Markers	Port 11: NDI-MF2 610066   T6d0-S00112  s/n:37B31800 Channel:0	Frame	Face	State	Q0	Qx	Qy	Qz	Tx	Ty	Tz	Error	Markers	Port 12: NDI-MF2 610066   T6d0-S00113  s/n:37B31C00 Channel:0	Frame	Face	State	Q0	Qx	Qy	Qz	Tx	Ty	Tz	Error	Markers
3	Port 10: NDI-MF2 610066   T6d0-S00108  s/n:37B31800 Channel:0	3657992	1	OK	0.4535981	-0.2748766	-0.1358824	-0.8367960	171.131	-130.098	-274.273	0.1576389	0	Port 11: NDI-MF2 610066   T6d0-S00112  s/n:37B31800 Channel:0	3657992	1	OK	0.5207865	0.0931850	-0.6859441	-0.4995785	146.591	-121.084	-280.911	0.1156776	0	Port 12: NDI-MF2 610066   T6d0-S00113  s/n:37B31C00 Channel:0	3657992	1	OK	0.1299049	0.2875032	0.8424707	0.4367033	166.955	-114.941	-292.579	0.2857319	0
3	Port 10: NDI-MF2 610066   T6d0-S00108  s/n:37B31800 Channel:0	3658000	1	OK	0.4536658	-0.2747769	-0.1359592	-0.8367796	171.138	-130.090	-274.279	0.1565198	0	Port 11: NDI-MF2 610066   T6d0-S00112  s/n:37B31800 Channel:0	3658000	1	OK	0.5208404	0.0931778	-0.6858204	-0.4996935	146.595	-121.077	-280.921	0.1167568	0	Port 12: NDI-MF2 610066   T6d0-S00113  s/n:37B31C00 Channel:0	3658000	1	OK	0.1300113	0.2873844	0.8424496	0.4367906	166.985	-114.937	-292.552	0.2870734	0
3	Port 10: NDI-MF2 610066   T6d0-S00108  s/n:37B31800 Channel:0	3658008	1	OK	0.4537378	-0.2747349	-0.1359733	-0.8367521	171.142	-130.080	-274.296	0.1573219	0	Port 11: NDI-MF2 610066   T6d0-S00112  s/n:37B31800 Channel:0	3658008	1	OK	0.5208678	0.0931779	-0.6858705	-0.4995961	146.577	-121.082	-280.906	0.1165871	0	Port 12: NDI-MF2 610066   T6d0-S00113  s/n:37B31C00 Channel:0	3658008	1	OK	0.1300653	0.2873803	0.8424119	0.4368498	166.995	-114.943	-292.526	0.2890253	0
3	Port 10: NDI-MF2 610066   T6d0-S00108  s/n:37B31800 Channel:0	3658016	1	OK	0.4537938	-0.2746879	-0.1359956	-0.8367335	171.147	-130.076	-274.307	0.1577492	0	Port 11: NDI-MF2 610066   T6d0-S00112  s/n:37B31800 Channel:0	3658016	1	OK	0.5209425	0.0930849	-0.6857952	-0.4996389	146.560	-121.097	-280.886	0.1177389	0	Port 12: NDI-MF2 610066   T6d0-S00113  s/n:37B31C00 Channel:0	3658016	1	OK	0.1301038	0.2873804	0.8424230	0.4368169	167.004	-114.951	-292.521	0.2886059	0
3	Port 10: NDI-MF2 610066   T6d0-S00108  s/n:37B31800 Channel:0	3658024	1	OK	0.4538067	-0.2746700	-0.1359865	-0.8367339	171.149	-130.066	-274.313	0.1576000	0	Port 11: NDI-MF2 610066   T6d0-S00112  s/n:37B31800 Channel:0	3658024	1	OK	0.5208728	0.0931885	-0.6858721	-0.4995868	146.573	-121.085	-280.864	0.1169190	0	Port 12: NDI-MF2 610066   T6d0-S00113  s/n:37B31C00 Channel:0	3658024	1	OK	0.1299949	0.2874577	0.8424318	0.4367815	166.974	-114.933	-292.517	0.2873760	0
3	Port 10: NDI-MF2 610066   T6d0-S00108  s/n:37B31800 Channel:0	3658032	1	OK	0.4538444	-0.2746933	-0.1359573	-0.8367105	171.150	-130.059	-274.339	0.1605287	0	Port 11: NDI-MF2 610066   T6d0-S00112  s/n:37B31800 Channel:0	3658032	1	OK	0.5207898	0.0933276	-0.6859023	-0.4996059	146.587	-121.073	-280.867	0.1165497	0	Port 12: NDI-MF2 610066   T6d0-S00113  s/n:37B31C00 Channel:0	3658032	1	OK	0.1298670	0.2874503	0.8424270	0.4368335	166.947	-114.928	-292.503	0.2840478	0
3	Port 10: NDI-MF2 610066   T6d0-S00108  s/n:37B31800 Channel:0	3658040	1	OK	0.4538477	-0.2746882	-0.1359571	-0.8367104	171.157	-130.053	-274.349	0.1619134	0	Port 11: NDI-MF2 610066   T6d0-S00112  s/n:37B31800 Channel:0	3658040	1	OK	0.5207446	0.0932622	-0.6859004	-0.4996678	146.613	-121.076	-280.899	0.1160527	0	Port 12: NDI-MF2 610066   T6d0-S00113  s/n:37B31C00 Channel:0	3658040	1	OK	0.1298007	0.2874415	0.8424747	0.4367671	166.944	-114.927	-292.523	0.2837773	0
3	Port 10: NDI-MF2 610066   T6d0-S00108  s/n:37B31800 Channel:0	3658048	1	OK	0.4538725	-0.2745802	-0.1360388	-0.8367191	171.159	-130.055	-274.332	0.1603914	0	Port 11: NDI-MF2 610066   T6d0-S00112  s/n:37B31800 Channel:0	3658048	1	OK	0.5207830	0.0932089	-0.6857882	-0.4997916	146.626	-121.070	-280.917	0.1187330	0	Port 12: NDI-MF2 610066   T6d0-S00113  s/n:37B31C00 Channel:0	3658048	1	OK	0.1298082	0.2874157	0.8424839	0.4367642	166.946	-114.924	-292.524	0.2850343	0
3	Port 10: NDI-MF2 610066   T6d0-S00108  s/n:37B31800 Channel:0	3658056	1	OK	0.4538741	-0.2745790	-0.1360397	-0.8367185	171.154	-130.061	-274.306	0.1603802	0	Port 11: NDI-MF2 610066   T6d0-S00112  s/n:37B31800 Channel:0	3658056	1	OK	0.5207658	0.0932265	-0.6858177	-0.4997658	146.626	-121.081	-280.910	0.1183497	0	Port 12: NDI-MF2 610066   T6d0-S00113  s/n:37B31C00 Channel:0	3658056	1	OK	0.1298303	0.2875165	0.8424897	0.4366800	166.938	-114.931	-292.549	0.2839524	0
3	Port 10: NDI-MF2 610066   T6d0-S00108  s/n:37B31800 Channel:0	3658064	1	OK	0.4538729	-0.2746541	-0.1359876	-0.8367030	171.149	-130.056	-274.323	0.1611481	0	Port 11: NDI-MF2 610066   T6d0-S00112  s/n:37B31800 Channel:0	3658064	1	OK	0.5206167	0.0933607	-0.6858758	-0.4998164	146.665	-121.057	-280.948	0.1166007	0	Port 12: NDI-MF2 610066   T6d0-S00113  s/n:37B31C00 Channel:0	3658064	1	OK	0.1297359	0.2876968	0.8424885	0.4365917	166.888	-114.933	-292.544	0.2831219	0
3	Port 10: NDI-MF2 610066   T6d0-S00108  s/n:37B31800 Channel:0	3658072	1	OK	0.4539516	-0.2746066	-0.1360410	-0.8366672	171.140	-130.052	-274.311	0.1601854	0	Port 11: NDI-MF2 610066   T6d0-S00112  s/n:37B31800 Channel:0	3658072	1	OK	0.5205624	0.0933682	-0.6859776	-0.4997319	146.678	-121.064	-280.959	0.1166080	0	Port 12: NDI-MF2 610066   T6d0-S00113  s/n:37B31C00 Channel:0	3658072	1	OK	0.1296892	0.2878230	0.8424951	0.4365096	166.847	-114.939	-292.531	0.2823152	0
3	Port 10: NDI-MF2 610066   T6d0-S00108  s/n:37B31800 Channel:0	3658080	1	OK	0.4539572	-0.2746200	-0.1360108	-0.8366647	171.139	-130.052	-274.310	0.1607656	0	Port 11: NDI-MF2 610066   T6d0-S00112  s/n:37B31800 Channel:0	3658080	1	OK	0.5205629	0.0933213	-0.6860437	-0.4996493	146.667	-121.070	-280.940	0.1168064	0	Port 12: NDI-MF2 610066   T6d0-S00113  s/n:37B31C00 Channel:0	3658080	1	OK	0.1296581	0.2878749	0.8425084	0.4364590	166.837	-114.936	-292.542	0.2835464	0
3	Port 10: NDI-MF2 610066   T6d0-S00108  s/n:37B31800 Channel:0	3658088	1	OK	0.4539750	-0.2745856	-0.1360187	-0.8366650	171.143	-130.046	-274.294	0.1622069	0	Port 11: NDI-MF2 610066   T6d0-S00112  s/n:37B31800 Channel:0	3658088	1	OK	0.5205289	0.0933430	-0.6860835	-0.4996261	146.662	-121.058	-280.911	0.1164244	0	Port 12: NDI-MF2 610066   T6d0-S00113  s/n:37B31C00 Channel:0	3658088	1	OK	0.1295898	0.2880226	0.8425445	0.4363122	166.808	-114.942	-292.574	0.2834232	0
3	Port 10: NDI-MF2 610066   T6d0-S00108  s/n:37B31800 Channel:0	3658096	1	OK	0.4539356	-0.2744778	-0.1361279	-0.8367040	171.158	-130.057	-274.286	0.1619929	0	Port 11: NDI-MF2 610066   T6d0-S00112  s/n:37B31800 Channel:0	3658096	1	OK	0.5204358	0.0934215	-0.6862665	-0.4994569	146.661	-121.051	-280.889	0.1133425	0	Port 12: NDI-MF2 610066   T6d0-S00113  s/n:37B31C00 Channel:0	3658096	1	OK	0.1295217	0.2881058	0.8425799	0.4362090	166.787	-114.940	-292.595	0.2794673	0
3	Port 10: NDI-MF2 610066   T6d0-S00108  s/n:37B31800 Channel:0	3658104	1	OK	0.4539320	-0.2744491	-0.1361780	-0.8367072	171.156	-130.069	-274.274	0.1621486	0	Port 11: NDI-MF2 610066   T6d0-S00112  s/n:37B31800 Channel:0	3658104	1	OK	0.5205190	0.0933340	-0.6862210	-0.4994492	146.638	-121.066	-280.889	0.1139115	0	Port 12: NDI-MF2 610066   T6d0-S00113  s/n:37B31C00 Channel:0	3658104	1	OK	0.1295768	0.2881216	0.8426028	0.4361380	166.799	-114.950	-292.610	0.2783211	0
3	Port 10: NDI-MF2 610066   T6d0-S00108  s/n:37B31800 Channel:0	3658112	1	OK	0.4538720	-0.2744604	-0.1361665	-0.8367380	171.152	-130.070	-274.250	0.1607937	0	Port 11: NDI-MF2 610066   T6d0-S00112  s/n:37B31800 Channel:0	3658112	1	OK	0.5205474	0.0931584	-0.6861381	-0.4995663	146.650	-121.087	-280.899	0.1171888	0	Port 12: NDI-MF2 610066   T6d0-S00113  s/n:37B31C00 Channel:0	3658112	1	OK	0.1297001	0.2880109	0.8425679	0.4362418	166.839	-114.946	-292.620	0.2836460	0
3	Port 10: NDI-MF2 610066   T6d0-S00108  s/n:37B31800 Channel:0	3658120	1	OK	0.4538854	-0.2744581	-0.1361621	-0.8367321	171.151	-130.070	-274.240	0.1612732	0	Port 11: NDI-MF2 610066   T6d0-S00112  s/n:37B31800 Channel:0	3658120	1	OK	0.5205456	0.0932069	-0.6862233	-0.4994421	146.627	-121.098	-280.859	0.1158757	0	Port 12: NDI-MF2 610066   T6d0-S00113  s/n:37B31C00 Channel:0	3658120	1	OK	0.1297865	0.2879073	0.8425187	0.4363795	166.865	-114.939	-292.586	0.2826993	0
3	Port 10: NDI-MF2 610066   T6d0-S00108  s/n:37B31800 Channel:0	3658128	1	OK	0.4538353	-0.2745357	-0.1361087	-0.8367425	171.153	-130.073	-274.254	0.1620424	0	Port 11: NDI-MF2 610066   T6d0-S00112  s/n:37B31800 Channel:0	3658128	1	OK	0.5204223	0.0932857	-0.6863893	-0.4993277	146.632	-121.114	-280.845	0.1121264	0	Port 12: NDI-MF2 610066   T6d0-S00113  s/n:37B31C00 Channel:0	3658128	1	OK	0.1298281	0.2879256	0.8425038	0.4363838	166.873	-114.947	-292.582	0.2831896	0
3	Port 10: NDI-MF2 610066   T6d0-S00108  s/n:37B31800 Channel:0	3658136	1	OK	0.4537830	-0.2745272	-0.1361156	-0.8367726	171.163	-130.077	-274.263	0.1612792	0	Port 11: NDI-MF2 610066   T6d0-S00112  s/n:37B31800 Channel:0	3658136	1	OK	0.5204593	0.0932521	-0.6863269	-0.4993812	146.619	-121.107	-280.855	0.1116808	0	Port 12: NDI-MF2 610066   T6d0-S00113  s/n:37B31C00 Channel:0	3658136	1	OK	0.1298285	0.2880002	0.8425268	0.4362901	166.864	-114.955	-292.591	0.2821384	0
3	Port 10: NDI-MF2 610066   T6d0-S00108  s/n:37B31800 Channel:0	3658144	1	OK	0.4537592	-0.2745196	-0.1361032	-0.8367900	171.169	-130.079	-274.259	0.1623103	0	Port 11: NDI-MF2 610066   T6d0-S00112  s/n:37B31800 Channel:0	3658144	1	OK	0.5205792	0.0932102	-0.6863258	-0.4992655	146.574	-121.122	-280.817	0.1119856	0	Port 12: NDI-MF2 610066   T6d0-S00113  s/n:37B31C00 Channel:0	3658144	1	OK	0.1299198	0.2879236	0.8425256	0.4363158	166.897	-114.959	-292.587	0.2823750	0
3	Port 10: NDI-MF2 610066   T6d0-S00108  s/n:37B31800 Channel:0	3658152	1	OK	0.4537324	-0.2745994	-0.1360483	-0.8367873	171.165	-130.080	-274.269	0.1629410	0	Port 11: NDI-MF2 610066   T6d0-S00112  s/n:37B31800 Channel:0	3658152	1	OK	0.5205401	0.0933172	-0.6864168	-0.4991612	146.564	-121.110	-280.793	0.1094909	0	Port 12: NDI-MF2 610066   T6d0-S00113  s/n:37B31C00 Channel:0	3658152	1	OK	0.1298991	0.2878519	0.8425116	0.4363963	166.899	-114.946	-292.576	0.2808253	0
3	Port 10: NDI-MF2 610066   T6d0-S00108  s/n:37B31800 Channel:0	3658160	1	OK	0.4536888	-0.2746848	-0.1360648	-0.8367802	171.140	-130.102	-274.252	0.1621572	0	Port 11: NDI-MF2 610066   T6d0-S00112  s/n:37B31800 Channel:0	3658160	1	OK	0.5204906	0.0933820	-0.6864882	-0.4991024	146.568	-121.105	-280.781	0.1086982	0	Port 12: NDI-MF2 610066   T6d0-S00113  s/n:37B31C00 Channel:0	3658160	1	OK	0.1298334	0.2879615	0.8425431	0.4362827	166.871	-114.954	-292.580	0.2771958	0
3	Port 10: NDI-MF2 610066   T6d0-S00108  s/n:37B31800 Channel:0	3658168	1	OK	0.4536319	-0.2747579	-0.1360245	-0.8367936	171.135	-130.107	-274.248	0.1605604	0	Port 11: NDI-MF2 610066   T6d0-S00112  s/n:37B31800 Channel:0	3658168	1	OK	0.5206199	0.0932734	-0.6863611	-0.4991627	146.550	-121.121	-280.797	0.1104007	0	Port 12: NDI-MF2 610066   T6d0-S00113  s/n:37B31C00 Channel:0	3658168	1	OK	0.1298822	0.2879319	0.8425592	0.4362567	166.891	-114.955	-292.579	0.2752174	0
3	Port 10: NDI-MF2 610066   T6d0-S00108  s/n:37B31800 Channel:0	3658176	1	OK	0.4536751	-0.2747504	-0.1360067	-0.8367755	171.138	-130.096	-274.251	0.1601858	0	Port 11: NDI-MF2 610066   T6d0-S00112  s/n:37B31800 Channel:0	3658176	1	OK	0.5206204	0.0932603	-0.6862826	-0.4992726	146.572	-121.128	-280.835	0.1119334	0	Port 12: NDI-MF2 610066   T6d0-S00113  s/n:37B31C00 Channel:0	3658176	1	OK	0.1299629	0.2878312	0.8425317	0.4363521	166.914	-114.948	-292.548	0.2757557	0
3	Port 10: NDI-MF2 610066   T6d0-S00108  s/n:37B31800 Channel:0	3658184	1	OK	0.4536279	-0.2748779	-0.1358869	-0.8367787	171.139	-130.089	-274.268	0.1618963	0	Port 11: NDI-MF2 610066   T6d0-S00112  s/n:37B31800 Channel:0	3658184	1	OK	0.5205429	0.0933221	-0.6863112	-0.4993026	146.603	-121.121	-280.867	0.1116605	0	Port 12: NDI-MF2 610066   T6d0-S00113  s/n:37B31C00 Channel:0	3658184	1	OK	0.1299769	0.2876535	0.8425455	0.4364385	166.939	-114.937	-292.533	0.2756699	0
3	Port 10: NDI-MF2 610066   T6d0-S00108  s/n:37B31800 Channel:0	3658192	1	OK	0.4536554	-0.2748440	-0.1359327	-0.8367675	171.137	-130.094	-274.276	0.1608278	0	Port 11: NDI-MF2 610066   T6d0-S00112  s/n:37B31800 Channel:0	3658192	1	OK	0.5205627	0.0933740	-0.6863566	-0.4992098	146.582	-121.113	-280.858	0.1106085	0	Port 12: NDI-MF2 610066   T6d0-S00113  s/n:37B31C00 Channel:0	3658192	1	OK	0.1299698	0.2878244	0.8425684	0.4362838	166.916	-114.954	-292.543	0.2760036	0
3	Port 10: NDI-MF2 610066   T6d0-S00108  s/n:37B31800 Channel:0	3658200	1	OK	0.4536325	-0.2748404	-0.1359566	-0.8367772	171.143	-130.101	-274.288	0.1605306	0	Port 11: NDI-MF2 610066   T6d0-S00112  s/n:37B31800 Channel:0	3658200	1	OK	0.5206535	0.0933183	-0.6862962	-0.4992086	146.558	-121.120	-280.861	0.1106392	0	Port 12: NDI-MF2 610066   T6d0-S00113  s/n:37B31C00 Channel:0	3658200	1	OK	0.1300022	0.2877790	0.8425655	0.4363096	166.933	-114.966	-292.571	0.2757521	0
3	Port 10: NDI-MF2 610066   T6d0-S00108  s/n:37B31800 Channel:0	3658208	1	OK	0.4536850	-0.2747660	-0.1360177	-0.8367632	171.146	-130.092	-274.281	0.1603158	0	Port 11: NDI-MF2 610066   T6d0-S00112  s/n:37B31800 Channel:0	3658208	1	OK	0.5207046	0.0933422	-0.6862333	-0.4992373	146.560	-121.100	-280.875	0.1124038	0	Port 12: NDI-MF2 610066   T6d0-S00113  s/n:37B31C00 Channel:0	3658208	1	OK	0.1300418	0.2876358	0.8425537	0.4364150	166.966	-114.960	-292.563	0.2753789	0
3	Port 10: NDI-MF2 610066   T6d0-S00108  s/n:37B31800 Channel:0	3658216	1	OK	0.4536943	-0.2747946	-0.1360154	-0.8367492	171.136	-130.089	-274.272	0.1607070	0	Port 11: NDI-MF2 610066   T6d0-S00112  s/n:37B31800 Channel:0	3658216	1	OK	0.5207330	0.0933128	-0.6861916	-0.4992704	146.567	-121.096	-280.883	0.1140973	0	Port 12: NDI-MF2 610066   T6d0-S00113  s/n:37B31C00 Channel:0	3658216	1	OK	0.1300674	0.2875950	0.8425295	0.4364809	166.973	-114.951	-292.549	0.2786077	0
3	Port 10: NDI-MF2 610066   T6d0-S00108  s/n:37B31800 Channel:0	3658224	1	OK	0.4536915	-0.2748653	-0.1359836	-0.8367327	171.119	-130.089	-274.259	0.1596565	0	Port 11: NDI-MF2 610066   T6d0-S00112  s/n:37B31800 Channel:0	3658224	1	OK	0.5206772	0.0932951	-0.6862017	-0.4993180	146.592	-121.096	-280.893	0.1144402	0	Port 12: NDI-MF2 610066   T6d0-S00113  s/n:37B31C00 Channel:0	3658224	1	OK	0.1300685	0.2874800	0.8425110	0.4365921	166.994	-114.954	-292.559	0.2811629	0
3	Port 10: NDI-MF2 610066   T6d0-S00108  s/n:37B31800 Channel:0	3658232	1	OK	0.4536155	-0.2749496	-0.1359203	-0.8367564	171.100	-130.102	-274.230	0.1570805	0	Port 11: NDI-MF2 610066   T6d0-S00112  s/n:37B31800 Channel:0	3658232	1	OK	0.5205494	0.0933370	-0.6862896	-0.4993226	146.620	-121.096	-280.913	0.1127723	0	Port 12: NDI-MF2 610066   T6d0-S00113  s/n:37B31C00 Channel:0	3658232	1	OK	0.1300184	0.2875336	0.8425029	0.4365874	166.987	-114.952	-292.581	0.2826537	0
3	Port 10: NDI-MF2 610066   T6d0-S00108  s/n:37B31800 Channel:0	3658240	1	OK	0.4536256	-0.2749121	-0.1359169	-0.8367639	171.115	-130.093	-274.236	0.1566346	0	Port 11: NDI-MF2 610066   T6d0-S00112  s/n:37B31800 Channel:0	3658240	1	OK	0.5205687	0.0933433	-0.6862243	-0.4993911	146.632	-121.093	-280.953	0.1134278	0	Port 12: NDI-MF2 610066   T6d0-S00113  s/n:37B31C00 Channel:0	3658240	1	OK	0.1300153	0.2874253	0.8424772	0.4367092	167.002	-114.940	-292.575	0.2833669	0
3	Port 10: NDI-MF2 610066   T6d0-S00108  s/n:37B31800 Channel:0	3658248	1	OK	0.4536229	-0.2748023	-0.1359276	-0.8367997	171.131	-130.086	-274.246	0.1560581	0	Port 11: NDI-MF2 610066   T6d0-S00112  s/n:37B31800 Channel:0	3658248	1	OK	0.5206079	0.0933295	-0.6861947	-0.4993935	146.629	-121.097	-280.965	0.1150723	0	Port 12: NDI-MF2 610066   T6d0-S00113  s/n:37B31C00 Channel:0	3658248	1	OK	0.1299343	0.2873104	0.8424536	0.4368544	166.998	-114.926	-292.566	0.2845032	0
3	Port 10: NDI-MF2 610066   T6d0-S00108  s/n:37B31800 Channel:0	3658256	1	OK	0.4535825	-0.2748230	-0.1358883	-0.8368211	171.135	-130.087	-274.252	0.1567850	0	Port 11: NDI-MF2 610066   T6d0-S00112  s/n:37B31800 Channel:0	3658256	1	OK	0.5206947	0.0932601	-0.6861881	-0.4993250	146.594	-121.098	-280.934	0.1155817	0	Port 12: NDI-MF2 610066   T6d0-S00113  s/n:37B31C00 Channel:0	3658256	1	OK	0.1298897	0.2873195	0.8424400	0.4368878	166.999	-114.926	-292.579	0.2879626	0
3	Port 10: NDI-MF2 610066   T6d0-S00108  s/n:37B31800 Channel:0	3658264	1	OK	0.4536317	-0.2747195	-0.1359512	-0.8368183	171.142	-130.086	-274.242	0.1560887	0	Port 11: NDI-MF2 610066   T6d0-S00112  s/n:37B31800 Channel:0	3658264	1	OK	0.5207638	0.0931453	-0.6861020	-0.4993927	146.576	-121.107	-280.906	0.1168123	0	Port 12: NDI-MF2 610066   T6d0-S00113  s/n:37B31C00 Channel:0	3658264	1	OK	0.1299490	0.2873853	0.8424156	0.4368740	166.985	-114.944	-292.555	0.2884707	0
3	Port 10: NDI-MF2 610066   T6d0-S00108  s/n:37B31800 Channel:0	3658272	1	OK	0.4536291	-0.2748270	-0.1358778	-0.8367963	171.123	-130.089	-274.227	0.1561576	0	Port 11: NDI-MF2 610066   T6d0-S00112  s/n:37B31800 Channel:0	3658272	1	OK	0.5207556	0.0931725	-0.6861006	-0.4993981	146.575	-121.093	-280.892	0.1166091	0	Port 12: NDI-MF2 610066   T6d0-S00113  s/n:37B31C00 Channel:0	3658272	1	OK	0.1299064	0.2873830	0.8424393	0.4368425	166.983	-114.939	-292.562	0.2849160	0
3	Port 10: NDI-MF2 610066   T6d0-S00108  s/n:37B31800 Channel:0	3658280	1	OK	0.4536170	-0.2749781	-0.1357747	-0.8367699	171.090	-130.090	-274.217	0.1556153	0	Port 11: NDI-MF2 610066   T6d0-S00112  s/n:37B31800 Channel:0	3658280	1	OK	0.5206573	0.0932418	-0.6862226	-0.4993200	146.596	-121.075	-280.880	0.1156668	0	Port 12: NDI-MF2 610066   T6d0-S00113  s/n:37B31C00 Channel:0	3658280	1	OK	0.1299132	0.2873658	0.8424539	0.4368236	166.977	-114.946	-292.550	0.2856744	0
3	Port 10: NDI-MF2 610066   T6d0-S00108  s/n:37B31800 Channel:0	3658288	1	OK	0.4536138	-0.2750372	-0.1357362	-0.8367585	171.075	-130.096	-274.211	0.1549539	0	Port 11: NDI-MF2 610066   T6d0-S00112  s/n:37B31800 Channel:0	3658288	1	OK	0.5207594	0.0931624	-0.6861074	-0.4993867	146.577	-121.087	-280.880	0.1178430	0	Port 12: NDI-MF2 610066   T6d0-S00113  s/n:37B31C00 Channel:0	3658288	1	OK	0.1298674	0.2873722	0.8424638	0.4368139	166.958	-114.949	-292.541	0.2841524	0
3	Port 10: NDI-MF2 610066   T6d0-S00108  s/n:37B31800 Channel:0	3658296	1	OK	0.4535875	-0.2750994	-0.1356450	-0.8367670	171.096	-130.090	-274.242	0.1566333	0	Port 11: NDI-MF2 610066   T6d0-S00112  s/n:37B31800 Channel:0	3658296	1	OK	0.5205993	0.0933156	-0.6862482	-0.4993316	146.610	-121.092	-280.867	0.1148113	0	Port 12: NDI-MF2 610066   T6d0-S00113  s/n:37B31C00 Channel:0	3658296	1	OK	0.1298823	0.2872631	0.8424613	0.4368861	166.973	-114.947	-292.536	0.2856883	0
3	Port 10: NDI-MF2 610066   T6d0-S00108  s/n:37B31800 Channel:0	3658304	1	OK	0.4536080	-0.2749909	-0.1357392	-0.8367764	171.095	-130.092	-274.234	0.1553030	0	Port 11: NDI-MF2 610066   T6d0-S00112  s/n:37B31800 Channel:0	3658304	1	OK	0.5206072	0.0933375	-0.6863022	-0.4992450	146.589	-121.086	-280.857	0.1137415	0	Port 12: NDI-MF2 610066   T6d0-S00113  s/n:37B31C00 Channel:0	3658304	1	OK	0.1298621	0.2874651	0.8424939	0.4366964	166.939	-114.942	-292.549	0.2857078	0
3	Port 10: NDI-MF2 610066   T6d0-S00108  s/n:37B31800 Channel:0	3658312	1	OK	0.4536576	-0.2749290	-0.1358312	-0.8367549	171.086	-130.093	-274.228	0.1552895	0	Port 11: NDI-MF2 610066   T6d0-S00112  s/n:37B31800 Channel:0	3658312	1	OK	0.5207345	0.0932327	-0.6861925	-0.4992827	146.569	-121.099	-280.844	0.1168014	0	Port 12: NDI-MF2 610066   T6d0-S00113  s/n:37B31C00 Channel:0	3658312	1	OK	0.1299407	0.2875026	0.8425145	0.4366085	166.945	-114.957	-292.571	0.2869321	0
3	Port 10: NDI-MF2 610066   T6d0-S00108  s/n:37B31800 Channel:0	3658320	1	OK	0.4536617	-0.2749568	-0.1357812	-0.8367516	171.086	-130.085	-274.232	0.1570782	0	Port 11: NDI-MF2 610066   T6d0-S00112  s/n:37B31800 Channel:0	3658320	1	OK	0.5208464	0.0931932	-0.6860770	-0.4993320	146.545	-121.097	-280.830	0.1178647	0	Port 12: NDI-MF2 610066   T6d0-S00113  s/n:37B31C00 Channel:0	3658320	1	OK	0.1299977	0.2875428	0.8425131	0.4365677	166.938	-114.971	-292.563	0.2878308	0
3	Port 10: NDI-MF2 610066   T6d0-S00108  s/n:37B31800 Channel:0	3658328	1	OK	0.4536965	-0.2750216	-0.1357685	-0.8367135	171.089	-130.082	-274.243	0.1602864	0	Port 11: NDI-MF2 610066   T6d0-S00112  s/n:37B31800 Channel:0	3658328	1	OK	0.5207334	0.0933033	-0.6861652	-0.4993081	146.570	-121.070	-280.834	0.1158183	0	Port 12: NDI-MF2 610066   T6d0-S00113  s/n:37B31C00 Channel:0	3658328	1	OK	0.1299608	0.2875805	0.8425500	0.4364827	166.921	-114.962	-292.533	0.2866527	0
3	Port 10: NDI-MF2 610066   T6d0-S00108  s/n:37B31800 Channel:0	3658336	1	OK	0.4537235	-0.2751464	-0.1357218	-0.8366654	171.052	-130.084	-274.232	0.1576222	0	Port 11: NDI-MF2 610066   T6d0-S00112  s/n:37B31800 Channel:0	3658336	1	OK	0.5206940	0.0932985	-0.6861784	-0.4993319	146.583	-121.078	-280.837	0.1161181	0	Port 12: NDI-MF2 610066   T6d0-S00113  s/n:37B31C00 Channel:0	3658336	1	OK	0.1299083	0.2875937	0.8425583	0.4364737	166.913	-114.956	-292.538	0.2833399	0
3	Port 10: NDI-MF2 610066   T6d0-S00108  s/n:37B31800 Channel:0	3658344	1	OK	0.4537138	-0.2752541	-0.1356433	-0.8366480	171.024	-130.086	-274.231	0.1566414	0	Port 11: NDI-MF2 610066   T6d0-S00112  s/n:37B31800 Channel:0	3658344	1	OK	0.5207077	0.0933571	-0.6861998	-0.4992773	146.588	-121.070	-280.850	0.1158869	0	Port 12: NDI-MF2 610066   T6d0-S00113  s/n:37B31C00 Channel:0	3658344	1	OK	0.1298992	0.2875660	0.8425984	0.4364171	166.924	-114.961	-292.550	0.2831824	0
3	Port 10: NDI-MF2 610066   T6d0-S00108  s/n:37B31800 Channel:0	3658352	1	OK	0.4537568	-0.2750670	-0.1357976	-0.8366612	171.039	-130.086	-274.233	0.1545484	0	Port 11: NDI-MF2 610066   T6d0-S00112  s/n:37B31800 Channel:0	3658352	1	OK	0.5206594	0.0933944	-0.6862352	-0.4992720	146.591	-121.079	-280.864	0.1143953	0	Port 12: NDI-MF2 610066   T6d0-S00113  s/n:37B31C00 Channel:0	3658352	1	OK	0.1299065	0.2875292	0.8425809	0.4364730	166.922	-114.956	-292.538	0.2843240	0
3	Port 10: NDI-MF2 610066   T6d0-S00108  s/n:37B31800 Channel:0	3658360	1	OK	0.4538315	-0.2748869	-0.1359428	-0.8366563	171.055	-130.086	-274.246	0.1537468	0	Port 11: NDI-MF2 610066   T6d0-S00112  s/n:37B31800 Channel:0	3658360	1	OK	0.5207271	0.0933329	-0.6861185	-0.4993733	146.590	-121.088	-280.879	0.1162968	0	Port 12: NDI-MF2 610066   T6d0-S00113  s/n:37B31C00 Channel:0	3658360	1	OK	0.1298319	0.2875955	0.8425838	0.4364459	166.901	-114.940	-292.538	0.2852626	0
3	Port 10: NDI-MF2 610066   T6d0-S00108  s/n:37B31800 Channel:0	3658368	1	OK	0.4538309	-0.2747937	-0.1360187	-0.8366749	171.074	-130.090	-274.250	0.1540124	0	Port 11: NDI-MF2 610066   T6d0-S00112  s/n:37B31800 Channel:0	3658368	1	OK	0.5207742	0.0932506	-0.6860843	-0.4993866	146.580	-121.094	-280.868	0.1166242	0	Port 12: NDI-MF2 610066   T6d0-S00113  s/n:37B31C00 Channel:0	3658368	1	OK	0.1298632	0.2876230	0.8426032	0.4363810	166.918	-114.934	-292.561	0.2865354	0
3	Port 10: NDI-MF2 610066   T6d0-S00108  s/n:37B31800 Channel:0	3658376	1	OK	0.4538500	-0.2747377	-0.1360940	-0.8366707	171.064	-130.087	-274.228	0.1522299	0	Port 11: NDI-MF2 610066   T6d0-S00112  s/n:37B31800 Channel:0	3658376	1	OK	0.5208177	0.0931606	-0.6859883	-0.4994899	146.586	-121.099	-280.888	0.1186985	0	Port 12: NDI-MF2 610066   T6d0-S00113  s/n:37B31C00 Channel:0	3658376	1	OK	0.1298185	0.2876684	0.8426096	0.4363520	166.895	-114.935	-292.536	0.2818852	0
3	Port 10: NDI-MF2 610066   T6d0-S00108  s/n:37B31800 Channel:0	3658384	1	OK	0.4537924	-0.2747968	-0.1359978	-0.8366982	171.076	-130.089	-274.225	0.1538024	0	Port 11: NDI-MF2 610066   T6d0-S00112  s/n:37B31800 Channel:0	3658384	1	OK	0.5205896	0.0932866	-0.6860882	-0.4995669	146.647	-121.089	-280.919	0.1160585	0	Port 12: NDI-MF2 610066   T6d0-S00113  s/n:37B31C00 Channel:0	3658384	1	OK	0.1298828	0.2875297	0.8425686	0.4365034	166.924	-114.945	-292.513	0.2807381	0
3	Port 10: NDI-MF2 610066   T6d0-S00108  s/n:37B31800 Channel:0	3658392	1	OK	0.4537855	-0.2748478	-0.1359098	-0.8366994	171.088	-130.080	-274.255	0.1548864	0	Port 11: NDI-MF2 610066   T6d0-S00112  s/n:37B31800 Channel:0	3658392	1	OK	0.5206574	0.0932355	-0.6859689	-0.4996695	146.642	-121.084	-280.928	0.1180273	0	Port 12: NDI-MF2 610066   T6d0-S00113  s/n:37B31C00 Channel:0	3658392	1	OK	0.1298991	0.2874722	0.8425830	0.4365087	166.932	-114.938	-292.489	0.2786475	0
3	Port 10: NDI-MF2 610066   T6d0-S00108  s/n:37B31800 Channel:0	3658400	1	OK	0.4537440	-0.2748365	-0.1359171	-0.8367244	171.101	-130.076	-274.265	0.1547446	0	Port 11: NDI-MF2 610066   T6d0-S00112  s/n:37B31800 Channel:0	3658400	1	OK	0.5207608	0.0931068	-0.6858477	-0.4997522	146.629	-121.092	-280.918	0.1207010	0	Port 12: NDI-MF2 610066   T6d0-S00113  s/n:37B31C00 Channel:0	3658400	1	OK	0.1298827	0.2873886	0.8425638	0.4366056	166.941	-114.939	-292.485	0.2768886	0
3	Port 10: NDI-MF2 610066   T6d0-S00108  s/n:37B31800 Channel:0	3658408	1	OK	0.4537489	-0.2748310	-0.1359210	-0.8367230	171.094	-130.076	-274.261	0.1527280	0	Port 11: NDI-MF2 610066   T6d0-S00112  s/n:37B31800 Channel:0	3658408	1	OK	0.5207307	0.0930505	-0.6858936	-0.4997310	146.621	-121.114	-280.910	0.1193383	0	Port 12: NDI-MF2 610066   T6d0-S00113  s/n:37B31C00 Channel:0	3658408	1	OK	0.1299343	0.2873369	0.8425619	0.4366280	166.970	-114.950	-292.499	0.2742373	0
3	Port 10: NDI-MF2 610066   T6d0-S00108  s/n:37B31800 Channel:0	3658416	1	OK	0.4537349	-0.2748004	-0.1359292	-0.8367393	171.114	-130.076	-274.278	0.1545072	0	Port 11: NDI-MF2 610066   T6d0-S00112  s/n:37B31800 Channel:0	3658416	1	OK	0.5207121	0.0931277	-0.6858758	-0.4997605	146.632	-121.096	-280.915	0.1189733	0	Port 12: NDI-MF2 610066   T6d0-S00113  s/n:37B31C00 Channel:0	3658416	1	OK	0.1299848	0.2873398	0.8425825	0.4365714	166.986	-114.961	-292.523	0.2758076	0
3	Port 10: NDI-MF2 610066   T6d0-S00108  s/n:37B31800 Channel:0	3658424	1	OK	0.4537278	-0.2746639	-0.1360117	-0.8367745	171.148	-130.074	-274.265	0.1556734	0	Port 11: NDI-MF2 610066   T6d0-S00112  s/n:37B31800 Channel:0	3658424	1	OK	0.5208127	0.0929939	-0.6857654	-0.4998320	146.615	-121.118	-280.901	0.1215752	0	Port 12: NDI-MF2 610066   T6d0-S00113  s/n:37B31C00 Channel:0	3658424	1	OK	0.1299672	0.2873434	0.8425403	0.4366556	166.976	-114.949	-292.534	0.2768244	0
3	Port 10: NDI-MF2 610066   T6d0-S00108  s/n:37B31800 Channel:0	3658432	1	OK	0.4537426	-0.2746966	-0.1359680	-0.8367629	171.161	-130.064	-274.279	0.1585495	0	Port 11: NDI-MF2 610066   T6d0-S00112  s/n:37B31800 Channel:0	3658432	1	OK	0.5208725	0.0929209	-0.6856667	-0.4999187	146.618	-121.125	-280.902	0.1244350	0	Port 12: NDI-MF2 610066   T6d0-S00113  s/n:37B31C00 Channel:0	3658432	1	OK	0.1299954	0.2873377	0.8425514	0.4366295	166.990	-114.951	-292.533	0.2778393	0
3	Port 10: NDI-MF2 610066   T6d0-S00108  s/n:37B31800 Channel:0	3658440	1	OK	0.4537347	-0.2747338	-0.1358804	-0.8367692	171.175	-130.052	-274.288	0.1614191	0	Port 11: NDI-MF2 610066   T6d0-S00112  s/n:37B31800 Channel:0	3658440	1	OK	0.5208696	0.0929013	-0.6856466	-0.4999530	146.629	-121.124	-280.904	0.1256501	0	Port 12: NDI-MF2 610066   T6d0-S00113  s/n:37B31C00 Channel:0	3658440	1	OK	0.1300174	0.2872428	0.8425306	0.4367255	167.004	-114.945	-292.513	0.2781292	0
3	Port 10: NDI-MF2 610066   T6d0-S00108  s/n:37B31800 Channel:0	3658448	1	OK	0.4537645	-0.2747979	-0.1358172	-0.8367422	171.161	-130.038	-274.295	0.1618226	0	Port 11: NDI-MF2 610066   T6d0-S00112  s/n:37B31800 Channel:0	3658448	1	OK	0.5208464	0.0929298	-0.6856829	-0.4999220	146.632	-121.119	-280.914	0.1250022	0	Port 12: NDI-MF2 610066   T6d0-S00113  s/n:37B31C00 Channel:0	3658448	1	OK	0.1300851	0.2871994	0.8425036	0.4367860	167.010	-114.956	-292.496	0.2795445	0
3	Port 10: NDI-MF2 610066   T6d0-S00108  s/n:37B31800 Channel:0	3658456	1	OK	0.4538042	-0.2747513	-0.1358132	-0.8367367	171.173	-130.033	-274.318	0.1627324	0	Port 11: NDI-MF2 610066   T6d0-S00112  s/n:37B31800 Channel:0	3658456	1	OK	0.5208406	0.0929607	-0.6857435	-0.4998392	146.626	-121.118	-280.909	0.1236932	0	Port 12: NDI-MF2 610066   T6d0-S00113  s/n:37B31C00 Channel:0	3658456	1	OK	0.1301219	0.2871662	0.8424895	0.4368241	167.031	-114.962	-292.518	0.2832829	0
3	Port 10: NDI-MF2 610066   T6d0-S00108  s/n:37B31800 Channel:0	3658464	1	OK	0.4538450	-0.2746509	-0.1358820	-0.8367363	171.188	-130.024	-274.333	0.1627359	0	Port 11: NDI-MF2 610066   T6d0-S00112  s/n:37B31800 Channel:0	3658464	1	OK	0.5209269	0.0928813	-0.6856540	-0.4998868	146.613	-121.124	-280.912	0.1255384	0	Port 12: NDI-MF2 610066   T6d0-S00113  s/n:37B31C00 Channel:0	3658464	1	OK	0.1301559	0.2870801	0.8425162	0.4368190	167.063	-114.958	-292.532	0.2834274	0
3	Port 10: NDI-MF2 610066   T6d0-S00108  s/n:37B31800 Channel:0	3658472	1	OK	0.4538382	-0.2745981	-0.1359311	-0.8367494	171.190	-130.029	-274.323	0.1624649	0	Port 11: NDI-MF2 610066   T6d0-S00112  s/n:37B31800 Channel:0	3658472	1	OK	0.5208534	0.0929472	-0.6857355	-0.4998393	146.623	-121.114	-280.921	0.1235294	0	Port 12: NDI-MF2 610066   T6d0-S00113  s/n:37B31C00 Channel:0	3658472	1	OK	0.1300925	0.2871746	0.8425282	0.4367527	167.040	-114.960	-292.543	0.2820040	0
3	Port 10: NDI-MF2 610066   T6d0-S00108  s/n:37B31800 Channel:0	3658480	1	OK	0.4538292	-0.2746806	-0.1359169	-0.8367295	171.165	-130.042	-274.314	0.1621463	0	Port 11: NDI-MF2 610066   T6d0-S00112  s/n:37B31800 Channel:0	3658480	1	OK	0.5206273	0.0931056	-0.6859235	-0.4997875	146.665	-121.107	-280.940	0.1200699	0	Port 12: NDI-MF2 610066   T6d0-S00113  s/n:37B31C00 Channel:0	3658480	1	OK	0.1300686	0.2873137	0.8425530	0.4366205	167.020	-114.952	-292.562	0.2808127	0
3	Port 10: NDI-MF2 610066   T6d0-S00108  s/n:37B31800 Channel:0	3658488	1	OK	0.4538041	-0.2746359	-0.1359914	-0.8367456	171.167	-130.057	-274.297	0.1617685	0	Port 11: NDI-MF2 610066   T6d0-S00112  s/n:37B31800 Channel:0	3658488	1	OK	0.5206546	0.0931454	-0.6858910	-0.4997963	146.669	-121.098	-280.956	0.1203079	0	Port 12: NDI-MF2 610066   T6d0-S00113  s/n:37B31C00 Channel:0	3658488	1	OK	0.1300974	0.2874101	0.8425305	0.4365918	167.005	-114.965	-292.574	0.2852298	0
3	Port 10: NDI-MF2 610066   T6d0-S00108  s/n:37B31800 Channel:0	3658496	1	OK	0.4538105	-0.2747127	-0.1359419	-0.8367250	171.146	-130.064	-274.283	0.1624655	0	Port 11: NDI-MF2 610066   T6d0-S00112  s/n:37B31800 Channel:0	3658496	1	OK	0.5207116	0.0931236	-0.6858178	-0.4998414	146.660	-121.098	-280.959	0.1209545	0	Port 12: NDI-MF2 610066   T6d0-S00113  s/n:37B31C00 Channel:0	3658496	1	OK	0.1301022	0.2873608	0.8425134	0.4366558	167.009	-114.951	-292.548	0.2857539	0
3	Port 10: NDI-MF2 610066   T6d0-S00108  s/n:37B31800 Channel:0	3658504	1	OK	0.4537833	-0.2748545	-0.1358838	-0.8367027	171.126	-130.071	-274.283	0.1629974	0	Port 11: NDI-MF2 610066   T6d0-S00112  s/n:37B31800 Channel:0	3658504	1	OK	0.5206021	0.0932609	-0.6859393	-0.4997631	146.684	-121.084	-280.987	0.1181475	0	Port 12: NDI-MF2 610066   T6d0-S00113  s/n:37B31C00 Channel:0	3658504	1	OK	0.1300246	0.2874733	0.8425069	0.4366176	166.985	-114.948	-292.550	0.2850497	0
3	Port 10: NDI-MF2 610066   T6d0-S00108  s/n:37B31800 Channel:0	3658512	1	OK	0.4537360	-0.2749225	-0.1358269	-0.8367152	171.107	-130.080	-274.280	0.1625346	0	Port 11: NDI-MF2 610066   T6d0-S00112  s/n:37B31800 Channel:0	3658512	1	OK	0.5204852	0.0933402	-0.6860524	-0.4997149	146.720	-121.080	-281.012	0.1171184	0	Port 12: NDI-MF2 610066   T6d0-S00113  s/n:37B31C00 Channel:0	3658512	1	OK	0.1299936	0.2875488	0.8425057	0.4365794	166.960	-114.948	-292.537	0.2854563	0
3	Port 10: NDI-MF2 610066   T6d0-S00108  s/n:37B31800 Channel:0	3658520	1	OK	0.4537271	-0.2748384	-0.1359344	-0.8367302	171.114	-130.086	-274.270	0.1604042	0	Port 11: NDI-MF2 610066   T6d0-S00112  s/n:37B31800 Channel:0	3658520	1	OK	0.5205535	0.0933091	-0.6860128	-0.4997038	146.699	-121.075	-280.999	0.1177806	0	Port 12: NDI-MF2 610066   T6d0-S00113  s/n:37B31C00 Channel:0	3658520	1	OK	0.1299471	0.2876830	0.8425209	0.4364755	166.939	-114.953	-292.559	0.2832437	0
3	Port 10: NDI-MF2 610066   T6d0-S00108  s/n:37B31800 Channel:0	3658528	1	OK	0.4536570	-0.2749432	-0.1359136	-0.8367372	171.099	-130.105	-274.249	0.1596119	0	Port 11: NDI-MF2 610066   T6d0-S00112  s/n:37B31800 Channel:0	3658528	1	OK	0.5204409	0.0933988	-0.6861425	-0.4996263	146.714	-121.066	-280.988	0.1154846	0	Port 12: NDI-MF2 610066   T6d0-S00113  s/n:37B31C00 Channel:0	3658528	1	OK	0.1298012	0.2877845	0.8425477	0.4364001	166.893	-114.938	-292.549	0.2795625	0
3	Port 10: NDI-MF2 610066   T6d0-S00108  s/n:37B31800 Channel:0	3658536	1	OK	0.4536048	-0.2749922	-0.1359262	-0.8367473	171.092	-130.120	-274.232	0.1599763	0	Port 11: NDI-MF2 610066   T6d0-S00112  s/n:37B31800 Channel:0	3658536	1	OK	0.5202769	0.0935933	-0.6863118	-0.4995281	146.741	-121.043	-280.990	0.1121782	0	Port 12: NDI-MF2 610066   T6d0-S00113  s/n:37B31C00 Channel:0	3658536	1	OK	0.1296895	0.2878599	0.8425654	0.4363494	166.865	-114.936	-292.554	0.2747515	0
3	Port 10: NDI-MF2 610066   T6d0-S00108  s/n:37B31800 Channel:0	3658544	1	OK	0.4536662	-0.2749347	-0.1359940	-0.8367219	171.078	-130.125	-274.227	0.1586666	0	Port 11: NDI-MF2 610066   T6d0-S00112  s/n:37B31800 Channel:0	3658544	1	OK	0.5203137	0.0935714	-0.6864314	-0.4993296	146.712	-121.050	-280.949	0.1113894	0	Port 12: NDI-MF2 610066   T6d0-S00113  s/n:37B31C00 Channel:0	3658544	1	OK	0.1296864	0.2879274	0.8425398	0.4363552	166.853	-114.929	-292.567	0.2760127	0
3	Port 10: NDI-MF2 610066   T6d0-S00108  s/n:37B31800 Channel:0	3658552	1	OK	0.4537458	-0.2747776	-0.1361227	-0.8367094	171.081	-130.120	-274.209	0.1580309	0	Port 11: NDI-MF2 610066   T6d0-S00112  s/n:37B31800 Channel:0	3658552	1	OK	0.5204112	0.0935113	-0.6863667	-0.4993282	146.687	-121.053	-280.917	0.1130427	0	Port 12: NDI-MF2 610066   T6d0-S00113  s/n:37B31C00 Channel:0	3658552	1	OK	0.1297298	0.2879536	0.8425452	0.4363147	166.853	-114.929	-292.562	0.2783024	0
3	Port 10: NDI-MF2 610066   T6d0-S00108  s/n:37B31800 Channel:0	3658560	1	OK	0.4537407	-0.2747371	-0.1361356	-0.8367234	171.093	-130.123	-274.197	0.1574263	0	Port 11: NDI-MF2 610066   T6d0-S00112  s/n:37B31800 Channel:0	3658560	1	OK	0.5205450	0.0934384	-0.6863364	-0.4992440	146.637	-121.069	-280.881	0.1130780	0	Port 12: NDI-MF2 610066   T6d0-S00113  s/n:37B31C00 Channel:0	3658560	1	OK	0.1297514	0.2878774	0.8425591	0.4363316	166.876	-114.924	-292.561	0.2797387	0
3	Port 10: NDI-MF2 610066   T6d0-S00108  s/n:37B31800 Channel:0	3658568	1	OK	0.4537385	-0.2748337	-0.1360771	-0.8367023	171.069	-130.122	-274.202	0.1573623	0	Port 11: NDI-MF2 610066   T6d0-S00112  s/n:37B31800 Channel:0	3658568	1	OK	0.5206008	0.0934141	-0.6863015	-0.4992384	146.626	-121.068	-280.862	0.1150920	0	Port 12: NDI-MF2 610066   T6d0-S00113  s/n:37B31C00 Channel:0	3658568	1	OK	0.1297490	0.2877425	0.8425520	0.4364350	166.897	-114.913	-292.545	0.2759142	0
3	Port 10: NDI-MF2 610066   T6d0-S00108  s/n:37B31800 Channel:0	3658576	1	OK	0.4537230	-0.2747244	-0.1361792	-0.8367301	171.080	-130.124	-274.202	0.1558790	0	Port 11: NDI-MF2 610066   T6d0-S00112  s/n:37B31800 Channel:0	3658576	1	OK	0.5205996	0.0934204	-0.6863021	-0.4992376	146.623	-121.063	-280.859	0.1146860	0	Port 12: NDI-MF2 610066   T6d0-S00113  s/n:37B31C00 Channel:0	3658576	1	OK	0.1297438	0.2876584	0.8425031	0.4365864	166.913	-114.912	-292.562	0.2775840	0
3	Port 10: NDI-MF2 610066   T6d0-S00108  s/n:37B31800 Channel:0	3658584	1	OK	0.4537398	-0.2747248	-0.1361435	-0.8367266	171.082	-130.113	-274.211	0.1560180	0	Port 11: NDI-MF2 610066   T6d0-S00112  s/n:37B31800 Channel:0	3658584	1	OK	0.5205709	0.0934407	-0.6863224	-0.4992357	146.623	-121.058	-280.849	0.1146184	0	Port 12: NDI-MF2 610066   T6d0-S00113  s/n:37B31C00 Channel:0	3658584	1	OK	0.1298400	0.2874949	0.8425251	0.4366231	166.948	-114.916	-292.557	0.2800790	0
3	Port 10: NDI-MF2 610066   T6d0-S00108  s/n:37B31800 Channel:0	3658592	1	OK	0.4538395	-0.2746335	-0.1362004	-0.8366933	171.097	-130.099	-274.225	0.1566942	0	Port 11: NDI-MF2 610066   T6d0-S00112  s/n:37B31800 Channel:0	3658592	1	OK	0.5205859	0.0934592	-0.6863408	-0.4991913	146.608	-121.052	-280.840	0.1140900	0	Port 12: NDI-MF2 610066   T6d0-S00113  s/n:37B31C00 Channel:0	3658592	1	OK	0.1298890	0.2874907	0.8425537	0.4365560	166.961	-114.930	-292.578	0.2795673	0
3	Port 10: NDI-MF2 610066   T6d0-S00108  s/n:37B31800 Channel:0	3658600	1	OK	0.4539250	-0.2745593	-0.1362292	-0.8366666	171.106	-130.089	-274.244	0.1573482	0	Port 11: NDI-MF2 610066   T6d0-S00112  s/n:37B31800 Channel:0	3658600	1	OK	0.5205882	0.0934894	-0.6863715	-0.4991410	146.612	-121.062	-280.839	0.1138790	0	Port 12: NDI-MF2 610066   T6d0-S00113  s/n:37B31C00 Channel:0	3658600	1	OK	0.1298188	0.2875294	0.8425709	0.4365183	166.943	-114.922	-292.570	0.2794177	0
3	Port 10: NDI-MF2 610066   T6d0-S00108  s/n:37B31800 Channel:0	3658608	1	OK	0.4539504	-0.2744547	-0.1362909	-0.8366770	171.119	-130.086	-274.260	0.1573563	0	Port 11: NDI-MF2 610066   T6d0-S00112  s/n:37B31800 Channel:0	3658608	1	OK	0.5206070	0.0934616	-0.6863258	-0.4991895	146.608	-121.070	-280.833	0.1143095	0	Port 12: NDI-MF2 610066   T6d0-S00113  s/n:37B31C00 Channel:0	3658608	1	OK	0.1298739	0.2874524	0.8425500	0.4365929	166.965	-114.936	-292.592	0.2821974	0
3	Port 10: NDI-MF2 610066   T6d0-S00108  s/n:37B31800 Channel:0	3658616	1	OK	0.4539232	-0.2744774	-0.1362544	-0.8366903	171.117	-130.086	-274.253	0.1572720	0	Port 11: NDI-MF2 610066   T6d0-S00112  s/n:37B31800 Channel:0	3658616	1	OK	0.5206943	0.0933813	-0.6862365	-0.4992363	146.588	-121.078	-280.837	0.1150904	0	Port 12: NDI-MF2 610066   T6d0-S00113  s/n:37B31C00 Channel:0	3658616	1	OK	0.1298706	0.2875079	0.8425640	0.4365303	166.968	-114.930	-292.587	0.2837903	0
3	Port 10: NDI-MF2 610066   T6d0-S00108  s/n:37B31800 Channel:0	3658624	1	OK	0.4538409	-0.2746144	-0.1361649	-0.8367046	171.115	-130.094	-274.259	0.1577383	0	Port 11: NDI-MF2 610066   T6d0-S00112  s/n:37B31800 Channel:0	3658624	1	OK	0.5207419	0.0933937	-0.6861352	-0.4993235	146.598	-121.071	-280.866	0.1164094	0	Port 12: NDI-MF2 610066   T6d0-S00113  s/n:37B31C00 Channel:0	3658624	1	OK	0.1298436	0.2875283	0.8425738	0.4365060	166.950	-114.942	-292.579	0.2828011	0
3	Port 10: NDI-MF2 610066   T6d0-S00108  s/n:37B31800 Channel:0	3658632	1	OK	0.4537271	-0.2747561	-0.1360512	-0.8367383	171.120	-130.098	-274.262	0.1573449	0	Port 11: NDI-MF2 610066   T6d0-S00112  s/n:37B31800 Channel:0	3658632	1	OK	0.5207455	0.0933673	-0.6861518	-0.4993018	146.609	-121.085	-280.881	0.1167883	0	Port 12: NDI-MF2 610066   T6d0-S00113  s/n:37B31C00 Channel:0	3658632	1	OK	0.1298683	0.2874230	0.8425407	0.4366318	166.967	-114.938	-292.559	0.2808397	0
3	Port 10: NDI-MF2 610066   T6d0-S00108  s/n:37B31800 Channel:0	3658640	1	OK	0.4537960	-0.2746688	-0.1361279	-0.8367171	171.110	-130.096	-274.261	0.1555711	0	Port 11: NDI-MF2 610066   T6d0-S00112  s/n:37B31800 Channel:0	3658640	1	OK	0.5207671	0.0932971	-0.6860981	-0.4993663	146.619	-121.085	-280.892	0.1177835	0	Port 12: NDI-MF2 610066   T6d0-S00113  s/n:37B31C00 Channel:0	3658640	1	OK	0.1297882	0.2874884	0.8425277	0.4366376	166.937	-114.935	-292.562	0.2822271	0
3	Port 10: NDI-MF2 610066   T6d0-S00108  s/n:37B31800 Channel:0	3658648	1	OK	0.4538414	-0.2744884	-0.1362237	-0.8367360	171.156	-130.086	-274.263	0.1580298	0	Port 11: NDI-MF2 610066   T6d0-S00112  s/n:37B31800 Channel:0	3658648	1	OK	0.5207185	0.0932624	-0.6860618	-0.4994733	146.638	-121.098	-280.908	0.1173401	0	Port 12: NDI-MF2 610066   T6d0-S00113  s/n:37B31C00 Channel:0	3658648	1	OK	0.1297564	0.2875716	0.8425476	0.4365541	166.920	-114.934	-292.570	0.2820718	0
3	Port 10: NDI-MF2 610066   T6d0-S00108  s/n:37B31800 Channel:0	3658656	1	OK	0.4538789	-0.2744851	-0.1361784	-0.8367241	171.172	-130.066	-274.282	0.1597256	0	Port 11: NDI-MF2 610066   T6d0-S00112  s/n:37B31800 Channel:0	3658656	1	OK	0.5206901	0.0932690	-0.6860842	-0.4994709	146.639	-121.102	-280.912	0.1166973	0	Port 12: NDI-MF2 610066   T6d0-S00113  s/n:37B31C00 Channel:0	3658656	1	OK	0.1297567	0.2876771	0.8425664	0.4364481	166.896	-114.945	-292.551	0.2819896	0
3	Port 10: NDI-MF2 610066   T6d0-S00108  s/n:37B31800 Channel:0	3658664	1	OK	0.4538493	-0.2744788	-0.1361697	-0.8367437	171.185	-130.070	-274.283	0.1609566	0	Port 11: NDI-MF2 610066   T6d0-S00112  s/n:37B31800 Channel:0	3658664	1	OK	0.5208518	0.0931462	-0.6859314	-0.4995350	146.604	-121.110	-280.910	0.1192261	0	Port 12: NDI-MF2 610066   T6d0-S00113  s/n:37B31C00 Channel:0	3658664	1	OK	0.1297546	0.2877084	0.8425717	0.4364179	166.889	-114.944	-292.554	0.2817836	0
3	Port 10: NDI-MF2 610066   T6d0-S00108  s/n:37B31800 Channel:0	3658672	1	OK	0.4537073	-0.2747068	-0.1360356	-0.8367677	171.162	-130.092	-274.279	0.1600801	0	Port 11: NDI-MF2 610066   T6d0-S00112  s/n:37B31800 Channel:0	3658672	1	OK	0.5208777	0.0931307	-0.6859163	-0.4995318	146.586	-121.113	-280.897	0.1187114	0	Port 12: NDI-MF2 610066   T6d0-S00113  s/n:37B31C00 Channel:0	3658672	1	OK	0.1297008	0.2876281	0.8425399	0.4365481	166.891	-114.927	-292.543	0.2799675	0
3	Port 10: NDI-MF2 610066   T6d0-S00108  s/n:37B31800 Channel:0	3658680	1	OK	0.4536593	-0.2747008	-0.1360459	-0.8367940	171.154	-130.096	-274.248	0.1578842	0	Port 11: NDI-MF2 610066   T6d0-S00112  s/n:37B31800 Channel:0	3658680	1	OK	0.5207588	0.0931843	-0.6860421	-0.4994729	146.599	-121.111	-280.887	0.1158746	0	Port 12: NDI-MF2 610066   T6d0-S00113  s/n:37B31C00 Channel:0	3658680	1	OK	0.1298618	0.2874986	0.8425023	0.4366581	166.931	-114.943	-292.534	0.2829931	0
3	Port 10: NDI-MF2 610066   T6d0-S00108  s/n:37B31800 Channel:0	3658688	1	OK	0.4537120	-0.2746916	-0.1359909	-0.8367774	171.154	-130.083	-274.253	0.1592118	0	Port 11: NDI-MF2 610066   T6d0-S00112  s/n:37B31800 Channel:0	3658688	1	OK	0.5207258	0.0932249	-0.6860222	-0.4995271	146.612	-121.106	-280.903	0.1163265	0	Port 12: NDI-MF2 610066   T6d0-S00113  s/n:37B31C00 Channel:0	3658688	1	OK	0.1298202	0.2876440	0.8425391	0.4365037	166.906	-114.942	-292.556	0.2818480	0
3	Port 10: NDI-MF2 610066   T6d0-S00108  s/n:37B31800 Channel:0	3658696	1	OK	0.4537867	-0.2746241	-0.1359856	-0.8367599	171.153	-130.066	-274.256	0.1593882	0	Port 11: NDI-MF2 610066   T6d0-S00112  s/n:37B31800 Channel:0	3658696	1	OK	0.5207355	0.0931402	-0.6860281	-0.4995247	146.612	-121.116	-280.897	0.1180452	0	Port 12: NDI-MF2 610066   T6d0-S00113  s/n:37B31C00 Channel:0	3658696	1	OK	0.1298516	0.2876372	0.8425434	0.4364905	166.908	-114.945	-292.565	0.2826482	0
3	Port 10: NDI-MF2 610066   T6d0-S00108  s/n:37B31800 Channel:0	3658704	1	OK	0.4538105	-0.2746365	-0.1360002	-0.8367405	171.141	-130.069	-274.240	0.1584441	0	Port 11: NDI-MF2 610066   T6d0-S00112  s/n:37B31800 Channel:0	3658704	1	OK	0.5208717	0.0929995	-0.6858755	-0.4996184	146.584	-121.129	-280.878	0.1211871	0	Port 12: NDI-MF2 610066   T6d0-S00113  s/n:37B31C00 Channel:0	3658704	1	OK	0.1298892	0.2876225	0.8425308	0.4365135	166.912	-114.951	-292.548	0.2832869	0
3	Port 10: NDI-MF2 610066   T6d0-S00108  s/n:37B31800 Channel:0	3658712	1	OK	0.4538692	-0.2746303	-0.1360412	-0.8367041	171.135	-130.070	-274.258	0.1595904	0	Port 11: NDI-MF2 610066   T6d0-S00112  s/n:37B31800 Channel:0	3658712	1	OK	0.5209193	0.0929825	-0.6858506	-0.4996062	146.566	-121.121	-280.887	0.1208650	0	Port 12: NDI-MF2 610066   T6d0-S00113  s/n:37B31C00 Channel:0	3658712	1	OK	0.1298901	0.2876438	0.8425222	0.4365157	166.916	-114.951	-292.569	0.2859317	0
3	Port 10: NDI-MF2 610066   T6d0-S00108  s/n:37B31800 Channel:0	3658720	1	OK	0.4538651	-0.2746375	-0.1360114	-0.8367088	171.142	-130.063	-274.279	0.1599542	0	Port 11: NDI-MF2 610066   T6d0-S00112  s/n:37B31800 Channel:0	3658720	1	OK	0.5207517	0.0931056	-0.6860561	-0.4994758	146.580	-121.109	-280.872	0.1183345	0	Port 12: NDI-MF2 610066   T6d0-S00113  s/n:37B31C00 Channel:0	3658720	1	OK	0.1298974	0.2875954	0.8424945	0.4365988	166.922	-114.953	-292.573	0.2855327	0
3	Port 10: NDI-MF2 610066   T6d0-S00108  s/n:37B31800 Channel:0	3658728	1	OK	0.4539075	-0.2747317	-0.1359714	-0.8366614	171.104	-130.060	-274.280	0.1588232	0	Port 11: NDI-MF2 610066   T6d0-S00112  s/n:37B31800 Channel:0	3658728	1	OK	0.5206976	0.0931918	-0.6861207	-0.4994273	146.588	-121.090	-280.877	0.1174012	0	Port 12: NDI-MF2 610066   T6d0-S00113  s/n:37B31C00 Channel:0	3658728	1	OK	0.1299263	0.2876218	0.8424915	0.4365786	166.926	-114.956	-292.586	0.2883534	0
3	Port 10: NDI-MF2 610066   T6d0-S00108  s/n:37B31800 Channel:0	3658736	1	OK	0.4538838	-0.2747883	-0.1359609	-0.8366574	171.087	-130.074	-274.266	0.1571201	0	Port 11: NDI-MF2 610066   T6d0-S00112  s/n:37B31800 Channel:0	3658736	1	OK	0.5207503	0.0931184	-0.6861027	-0.4994108	146.583	-121.101	-280.877	0.1189365	0	Port 12: NDI-MF2 610066   T6d0-S00113  s/n:37B31C00 Channel:0	3658736	1	OK	0.1298505	0.2876258	0.8425340	0.4365166	166.921	-114.951	-292.618	0.2840665	0
3	Port 10: NDI-MF2 610066   T6d0-S00108  s/n:37B31800 Channel:0	3658744	1	OK	0.4539006	-0.2747513	-0.1360337	-0.8366486	171.081	-130.080	-274.269	0.1555000	0	Port 11: NDI-MF2 610066   T6d0-S00112  s/n:37B31800 Channel:0	3658744	1	OK	0.5207619	0.0931143	-0.6860864	-0.4994219	146.587	-121.091	-280.884	0.1189816	0	Port 12: NDI-MF2 610066   T6d0-S00113  s/n:37B31C00 Channel:0	3658744	1	OK	0.1297834	0.2877317	0.8425334	0.4364679	166.891	-114.950	-292.598	0.2799825	0
3	Port 10: NDI-MF2 610066   T6d0-S00108  s/n:37B31800 Channel:0	3658752	1	OK	0.4539369	-0.2745303	-0.1361993	-0.8366745	171.110	-130.077	-274.257	0.1551821	0	Port 11: NDI-MF2 610066   T6d0-S00112  s/n:37B31800 Channel:0	3658752	1	OK	0.5206343	0.0932222	-0.6861842	-0.4994004	146.615	-121.076	-280.899	0.1169614	0	Port 12: NDI-MF2 610066   T6d0-S00113  s/n:37B31C00 Channel:0	3658752	1	OK	0.1298199	0.2877801	0.8425176	0.4364556	166.883	-114.962	-292.613	0.2840357	0
3	Port 10: NDI-MF2 610066   T6d0-S00108  s/n:37B31800 Channel:0	3658760	1	OK	0.4539284	-0.2745832	-0.1361887	-0.8366635	171.103	-130.086	-274.252	0.1561261	0	Port 11: NDI-MF2 610066   T6d0-S00112  s/n:37B31800 Channel:0	3658760	1	OK	0.5206612	0.0932109	-0.6860597	-0.4995454	146.628	-121.069	-280.918	0.1186279	0	Port 12: NDI-MF2 610066   T6d0-S00113  s/n:37B31C00 Channel:0	3658760	1	OK	0.1297644	0.2878594	0.8425251	0.4364053	166.873	-114.948	-292.623	0.2826756	0
3	Port 10: NDI-MF2 610066   T6d0-S00108  s/n:37B31800 Channel:0	3658768	1	OK	0.4539011	-0.2747024	-0.1361385	-0.8366473	171.088	-130.088	-274.250	0.1548888	0	Port 11: NDI-MF2 610066   T6d0-S00112  s/n:37B31800 Channel:0	3658768	1	OK	0.5206037	0.0932297	-0.6861319	-0.4995028	146.642	-121.071	-280.941	0.1175479	0	Port 12: NDI-MF2 610066   T6d0-S00113  s/n:37B31C00 Channel:0	3658768	1	OK	0.1298997	0.2877436	0.8424911	0.4365072	166.915	-114.948	-292.610	0.2843474	0
3	Port 10: NDI-MF2 610066   T6d0-S00108  s/n:37B31800 Channel:0	3658776	1	OK	0.4538702	-0.2747195	-0.1361804	-0.8366516	171.077	-130.101	-274.240	0.1519856	0	Port 11: NDI-MF2 610066   T6d0-S00112  s/n:37B31800 Channel:0	3658776	1	OK	0.5205912	0.0932565	-0.6861236	-0.4995222	146.649	-121.077	-280.961	0.1164624	0	Port 12: NDI-MF2 610066   T6d0-S00113  s/n:37B31C00 Channel:0	3658776	1	OK	0.1299039	0.2877665	0.8425097	0.4364550	166.908	-114.949	-292.600	0.2832717	0
3	Port 10: NDI-MF2 610066   T6d0-S00108  s/n:37B31800 Channel:0	3658784	1	OK	0.4538100	-0.2747746	-0.1361289	-0.8366746	171.075	-130.106	-274.242	0.1510060	0	Port 11: NDI-MF2 610066   T6d0-S00112  s/n:37B31800 Channel:0	3658784	1	OK	0.5206280	0.0932461	-0.6860977	-0.4995214	146.631	-121.069	-280.962	0.1159320	0	Port 12: NDI-MF2 610066   T6d0-S00113  s/n:37B31C00 Channel:0	3658784	1	OK	0.1297836	0.2877888	0.8425496	0.4363990	166.888	-114.924	-292.607	0.2817434	0
