Tools	Port 2: CAMP OT-Sensor-2013-05-08  s/n:38A1FC00	Frame	Face	State	Q0	Qx	Qy	Qz	Tx	Ty	Tz	Error	Markers
1	Port 2: CAMP OT-Sensor-2013-05-08  s/n:38A1FC00	105510	1	OK	0.8676234	-0.4363250	0.0241714	-0.2372043	10.290	-77.577	-1005.791	0.2089665	0
1	Port 2: CAMP OT-Sensor-2013-05-08  s/n:38A1FC00	105513	1	OK	0.8675061	-0.4364021	0.0248693	-0.2374192	10.262	-77.589	-1005.760	0.2267306	0
1	Port 2: CAMP OT-Sensor-2013-05-08  s/n:38A1FC00	105516	1	OK	0.8673799	-0.4364068	0.0258038	-0.2377718	10.214	-77.609	-1005.751	0.2173691	0
1	Port 2: CAMP OT-Sensor-2013-05-08  s/n:38A1FC00	105519	1	OK	0.8675221	-0.4361230	0.0255399	-0.2378021	10.210	-77.620	-1005.738	0.2126971	0
1	Port 2: CAMP OT-Sensor-2013-05-08  s/n:38A1FC00	105522	1	OK	0.8674728	-0.4365141	0.0238455	-0.2374399	10.215	-77.597	-1005.696	0.2395662	0
1	Port 2: CAMP OT-Sensor-2013-05-08  s/n:38A1FC00	105525	1	OK	0.8673911	-0.4363128	0.0245298	-0.2380380	10.147	-77.665	-1005.608	0.2151289	0
1	Port 2: CAMP OT-Sensor-2013-05-08  s/n:38A1FC00	105528	1	OK	0.8676081	-0.4354272	0.0248967	-0.2388293	10.035	-77.786	-1005.571	0.2126709	0
1	Port 2: CAMP OT-Sensor-2013-05-08  s/n:38A1FC00	105531	1	OK	0.8675809	-0.4354612	0.0242081	-0.2389370	10.004	-77.811	-1005.516	0.1942981	0
1	Port 2: CAMP OT-Sensor-2013-05-08  s/n:38A1FC00	105534	1	OK	0.8675595	-0.4354471	0.0243120	-0.2390297	10.003	-77.827	-1005.511	0.1704896	0
1	Port 2: CAMP OT-Sensor-2013-05-08  s/n:38A1FC00	105537	1	OK	0.8676394	-0.4349661	0.0255915	-0.2394816	9.961	-77.870	-1005.558	0.2176850	0
1	Port 2: CAMP OT-Sensor-2013-05-08  s/n:38A1FC00	105540	1	OK	0.8675716	-0.4352706	0.0244404	-0.2392942	9.954	-77.862	-1005.522	0.1946747	0
1	Port 2: CAMP OT-Sensor-2013-05-08  s/n:38A1FC00	105543	1	OK	0.8673436	-0.4356634	0.0243145	-0.2394187	9.932	-77.846	-1005.430	0.2136646	0
1	Port 2: CAMP OT-Sensor-2013-05-08  s/n:38A1FC00	105546	1	OK	0.8670703	-0.4362448	0.0236342	-0.2394180	9.875	-77.809	-1005.303	0.2189597	0
1	Port 2: CAMP OT-Sensor-2013-05-08  s/n:38A1FC00	105549	1	OK	0.8671693	-0.4356775	0.0256177	-0.2398880	9.835	-77.829	-1005.322	0.2277820	0
1	Port 2: CAMP OT-Sensor-2013-05-08  s/n:38A1FC00	105552	1	OK	0.8672639	-0.4355478	0.0250121	-0.2398456	9.840	-77.835	-1005.341	0.2076315	0
1	Port 2: CAMP OT-Sensor-2013-05-08  s/n:38A1FC00	105555	1	OK	0.8673697	-0.4356262	0.0230111	-0.2395207	9.826	-77.812	-1005.263	0.1876726	0
1	Port 2: CAMP OT-Sensor-2013-05-08  s/n:38A1FC00	105558	1	OK	0.8669704	-0.4365262	0.0219965	-0.2394228	9.819	-77.792	-1005.175	0.1879983	0
1	Port 2: CAMP OT-Sensor-2013-05-08  s/n:38A1FC00	105561	1	OK	0.8670780	-0.4360807	0.0233241	-0.2397194	9.651	-77.754	-1004.954	0.1854370	0
1	Port 2: CAMP OT-Sensor-2013-05-08  s/n:38A1FC00	105564	1	OK	0.8673697	-0.4357032	0.0234829	-0.2393348	9.328	-77.744	-1004.427	0.2429222	0
1	Port 2: CAMP OT-Sensor-2013-05-08  s/n:38A1FC00	105567	1	OK	0.8676139	-0.4352782	0.0231820	-0.2392523	9.018	-77.702	-1003.916	0.1935820	0
1	Port 2: CAMP OT-Sensor-2013-05-08  s/n:38A1FC00	105570	1	OK	0.8675739	-0.4353524	0.0239305	-0.2391886	8.813	-77.659	-1003.572	0.2199591	0
1	Port 2: CAMP OT-Sensor-2013-05-08  s/n:38A1FC00	105573	1	OK	0.8676546	-0.4352620	0.0224993	-0.2391994	8.646	-77.651	-1003.356	0.1714373	0
1	Port 2: CAMP OT-Sensor-2013-05-08  s/n:38A1FC00	105576	1	OK	0.8674226	-0.4356816	0.0233071	-0.2391994	8.494	-77.635	-1003.094	0.2007641	0
1	Port 2: CAMP OT-Sensor-2013-05-08  s/n:38A1FC00	105579	1	OK	0.8675579	-0.4351965	0.0245649	-0.2394655	8.306	-77.608	-1002.833	0.2138267	0
1	Port 2: CAMP OT-Sensor-2013-05-08  s/n:38A1FC00	105582	1	OK	0.8675966	-0.4352729	0.0251013	-0.2391308	8.103	-77.586	-1002.487	0.1982210	0
1	Port 2: CAMP OT-Sensor-2013-05-08  s/n:38A1FC00	105585	1	OK	0.8675103	-0.4353128	0.0256304	-0.2393150	7.881	-77.534	-1002.116	0.1888166	0
1	Port 2: CAMP OT-Sensor-2013-05-08  s/n:38A1FC00	105588	1	OK	0.8675298	-0.4355341	0.0245108	-0.2389590	7.620	-77.484	-1001.678	0.1864589	0
1	Port 2: CAMP OT-Sensor-2013-05-08  s/n:38A1FC00	105591	1	OK	0.8676150	-0.4352268	0.0239210	-0.2392687	7.291	-77.487	-1001.127	0.1756079	0
1	Port 2: CAMP OT-Sensor-2013-05-08  s/n:38A1FC00	105594	1	OK	0.8676288	-0.4351276	0.0260991	-0.2391715	6.951	-77.409	-1000.631	0.1892101	0
1	Port 2: CAMP OT-Sensor-2013-05-08  s/n:38A1FC00	105597	1	OK	0.8675142	-0.4353537	0.0251045	-0.2392821	6.727	-77.403	-1000.216	0.2014726	0
1	Port 2: CAMP OT-Sensor-2013-05-08  s/n:38A1FC00	105600	1	OK	0.8677088	-0.4348289	0.0264376	-0.2393874	6.577	-77.402	-1000.063	0.2062193	0
1	Port 2: CAMP OT-Sensor-2013-05-08  s/n:38A1FC00	105603	1	OK	0.8677442	-0.4347807	0.0259971	-0.2393948	6.522	-77.387	-999.958	0.1536970	0
1	Port 2: CAMP OT-Sensor-2013-05-08  s/n:38A1FC00	105606	1	OK	0.8676362	-0.4348203	0.0268429	-0.2396211	6.470	-77.402	-999.883	0.1470366	0
1	Port 2: CAMP OT-Sensor-2013-05-08  s/n:38A1FC00	105609	1	OK	0.8677063	-0.4348920	0.0261706	-0.2393112	6.352	-77.354	-999.657	0.2025973	0
1	Port 2: CAMP OT-Sensor-2013-05-08  s/n:38A1FC00	105612	1	OK	0.8677922	-0.4349426	0.0249096	-0.2390422	6.039	-77.314	-999.100	0.2072854	0
1	Port 2: CAMP OT-Sensor-2013-05-08  s/n:38A1FC00	105615	1	OK	0.8675784	-0.4350585	0.0255891	-0.2395349	5.696	-77.299	-998.559	0.1635467	0
1	Port 2: CAMP OT-Sensor-2013-05-08  s/n:38A1FC00	105618	1	OK	0.8680139	-0.4341895	0.0256031	-0.2395325	5.552	-77.305	-998.348	0.2106821	0
1	Port 2: CAMP OT-Sensor-2013-05-08  s/n:38A1FC00	105621	1	OK	0.8675905	-0.4354204	0.0251675	-0.2388775	5.426	-77.186	-998.061	0.1961575	0
1	Port 2: CAMP OT-Sensor-2013-05-08  s/n:38A1FC00	105624	1	OK	0.8678079	-0.4349683	0.0231757	-0.2391127	5.306	-77.237	-997.903	0.1929606	0
1	Port 2: CAMP OT-Sensor-2013-05-08  s/n:38A1FC00	105627	1	OK	0.8675182	-0.4354243	0.0244163	-0.2392108	5.279	-77.219	-997.863	0.1898102	0
1	Port 2: CAMP OT-Sensor-2013-05-08  s/n:38A1FC00	105630	1	OK	0.8677970	-0.4350891	0.0252366	-0.2387235	5.132	-77.121	-997.599	0.1502619	0
1	Port 2: CAMP OT-Sensor-2013-05-08  s/n:38A1FC00	105633	1	OK	0.8674144	-0.4356788	0.0233945	-0.2392256	4.820	-77.150	-997.100	0.1906089	0
1	Port 2: CAMP OT-Sensor-2013-05-08  s/n:38A1FC00	105636	1	OK	0.8679638	-0.4347528	0.0227454	-0.2389803	4.385	-77.105	-996.371	0.2079881	0
1	Port 2: CAMP OT-Sensor-2013-05-08  s/n:38A1FC00	105639	1	OK	0.8678938	-0.4348420	0.0254225	-0.2388023	3.987	-77.063	-995.725	0.1818394	0
1	Port 2: CAMP OT-Sensor-2013-05-08  s/n:38A1FC00	105642	1	OK	0.8675313	-0.4354744	0.0253655	-0.2389730	3.682	-76.975	-995.205	0.2145391	0
1	Port 2: CAMP OT-Sensor-2013-05-08  s/n:38A1FC00	105645	1	OK	0.8680677	-0.4344915	0.0239303	-0.2389621	3.347	-76.980	-994.705	0.1668029	0
1	Port 2: CAMP OT-Sensor-2013-05-08  s/n:38A1FC00	105648	1	OK	0.8678009	-0.4349429	0.0256177	-0.2389352	3.010	-76.895	-994.148	0.2309229	0
1	Port 2: CAMP OT-Sensor-2013-05-08  s/n:38A1FC00	105651	1	OK	0.8677209	-0.4352396	0.0240928	-0.2388440	2.688	-76.866	-993.627	0.2007183	0
1	Port 2: CAMP OT-Sensor-2013-05-08  s/n:38A1FC00	105654	1	OK	0.8679790	-0.4343297	0.0254846	-0.2394172	2.451	-76.888	-993.309	0.2100256	0
1	Port 2: CAMP OT-Sensor-2013-05-08  s/n:38A1FC00	105657	1	OK	0.8679151	-0.4346982	0.0248782	-0.2390438	2.290	-76.832	-993.003	0.1904800	0
1	Port 2: CAMP OT-Sensor-2013-05-08  s/n:38A1FC00	105660	1	OK	0.8679169	-0.4345377	0.0253261	-0.2392817	2.096	-76.836	-992.742	0.1913754	0
1	Port 2: CAMP OT-Sensor-2013-05-08  s/n:38A1FC00	105663	1	OK	0.8679124	-0.4349232	0.0240897	-0.2387249	1.843	-76.757	-992.196	0.1908095	0
1	Port 2: CAMP OT-Sensor-2013-05-08  s/n:38A1FC00	105666	1	OK	0.8678429	-0.4348568	0.0249998	-0.2390046	1.375	-76.728	-991.473	0.1906114	0
1	Port 2: CAMP OT-Sensor-2013-05-08  s/n:38A1FC00	105669	1	OK	0.8677106	-0.4347152	0.0267561	-0.2395521	0.844	-76.705	-990.726	0.1776578	0
1	Port 2: CAMP OT-Sensor-2013-05-08  s/n:38A1FC00	105672	1	OK	0.8681646	-0.4341277	0.0237817	-0.2392859	0.443	-76.650	-989.998	0.1934662	0
1	Port 2: CAMP OT-Sensor-2013-05-08  s/n:38A1FC00	105675	1	OK	0.8677064	-0.4354470	0.0263427	-0.2382804	0.112	-76.412	-989.377	0.2084616	0
1	Port 2: CAMP OT-Sensor-2013-05-08  s/n:38A1FC00	105678	1	OK	0.8682627	-0.4336958	0.0262900	-0.2394508	-0.315	-76.512	-988.795	0.1870854	0
1	Port 2: CAMP OT-Sensor-2013-05-08  s/n:38A1FC00	105681	1	OK	0.8679059	-0.4348763	0.0270623	-0.2385155	-0.647	-76.354	-988.177	0.1978028	0
1	Port 2: CAMP OT-Sensor-2013-05-08  s/n:38A1FC00	105684	1	OK	0.8679532	-0.4348298	0.0250343	-0.2386496	-1.065	-76.299	-987.448	0.1849084	0
1	Port 2: CAMP OT-Sensor-2013-05-08  s/n:38A1FC00	105687	1	OK	0.8678139	-0.4348499	0.0269136	-0.2389148	-1.443	-76.305	-986.896	0.1948657	0
1	Port 2: CAMP OT-Sensor-2013-05-08  s/n:38A1FC00	105690	1	OK	0.8679243	-0.4346571	0.0260775	-0.2389573	-1.755	-76.299	-986.381	0.2015465	0
1	Port 2: CAMP OT-Sensor-2013-05-08  s/n:38A1FC00	105693	1	OK	0.8680037	-0.4346280	0.0244259	-0.2388962	-2.036	-76.258	-985.881	0.1730020	0
1	Port 2: CAMP OT-Sensor-2013-05-08  s/n:38A1FC00	105696	1	OK	0.8679722	-0.4347303	0.0269904	-0.2385483	-2.326	-76.140	-985.423	0.1691267	0
1	Port 2: CAMP OT-Sensor-2013-05-08  s/n:38A1FC00	105699	1	OK	0.8675159	-0.4351174	0.0259482	-0.2396159	-2.680	-76.140	-984.872	0.1918047	0
1	Port 2: CAMP OT-Sensor-2013-05-08  s/n:38A1FC00	105702	1	OK	0.8676787	-0.4348362	0.0264263	-0.2394847	-3.039	-76.126	-984.333	0.1715880	0
1	Port 2: CAMP OT-Sensor-2013-05-08  s/n:38A1FC00	105705	1	OK	0.8682678	-0.4338328	0.0257287	-0.2392452	-3.444	-76.140	-983.686	0.2132745	0
1	Port 2: CAMP OT-Sensor-2013-05-08  s/n:38A1FC00	105708	1	OK	0.8679594	-0.4344692	0.0259445	-0.2391857	-3.784	-76.068	-983.106	0.2008171	0
1	Port 2: CAMP OT-Sensor-2013-05-08  s/n:38A1FC00	105711	1	OK	0.8680531	-0.4344760	0.0262415	-0.2388006	-4.037	-75.974	-982.629	0.1921217	0
1	Port 2: CAMP OT-Sensor-2013-05-08  s/n:38A1FC00	105714	1	OK	0.8676257	-0.4356905	0.0260467	-0.2381615	-4.268	-75.826	-982.149	0.1833495	0
1	Port 2: CAMP OT-Sensor-2013-05-08  s/n:38A1FC00	105717	1	OK	0.8678340	-0.4349161	0.0281813	-0.2385748	-4.538	-75.784	-981.803	0.1741058	0
1	Port 2: CAMP OT-Sensor-2013-05-08  s/n:38A1FC00	105720	1	OK	0.8680553	-0.4343556	0.0259349	-0.2390450	-4.835	-75.919	-981.351	0.2046477	0
1	Port 2: CAMP OT-Sensor-2013-05-08  s/n:38A1FC00	105723	1	OK	0.8680003	-0.4342060	0.0261258	-0.2394956	-4.990	-75.955	-981.149	0.1788467	0
1	Port 2: CAMP OT-Sensor-2013-05-08  s/n:38A1FC00	105726	1	OK	0.8681303	-0.4343319	0.0242781	-0.2389897	-4.971	-75.922	-981.061	0.1857861	0
1	Port 2: CAMP OT-Sensor-2013-05-08  s/n:38A1FC00	105729	1	OK	0.8681862	-0.4339991	0.0254662	-0.2392675	-4.995	-75.946	-981.139	0.1838734	0
1	Port 2: CAMP OT-Sensor-2013-05-08  s/n:38A1FC00	105732	1	OK	0.8679610	-0.4349891	0.0257149	-0.2382580	-5.042	-75.765	-980.942	0.1859646	0
1	Port 2: CAMP OT-Sensor-2013-05-08  s/n:38A1FC00	105735	1	OK	0.8681347	-0.4345882	0.0267547	-0.2382424	-5.361	-75.709	-980.389	0.1737192	0
1	Port 2: CAMP OT-Sensor-2013-05-08  s/n:38A1FC00	105738	1	OK	0.8683179	-0.4339079	0.0246730	-0.2390381	-5.858	-75.827	-979.671	0.1983939	0
1	Port 2: CAMP OT-Sensor-2013-05-08  s/n:38A1FC00	105741	1	OK	0.8680683	-0.4345291	0.0264208	-0.2386292	-6.323	-75.648	-978.895	0.1921503	0
1	Port 2: CAMP OT-Sensor-2013-05-08  s/n:38A1FC00	105744	1	OK	0.8686361	-0.4334817	0.0254015	-0.2385786	-6.886	-75.598	-977.982	0.1801849	0
1	Port 2: CAMP OT-Sensor-2013-05-08  s/n:38A1FC00	105747	1	OK	0.8682896	-0.4334683	0.0269124	-0.2396959	-7.427	-75.704	-977.204	0.2084697	0
1	Port 2: CAMP OT-Sensor-2013-05-08  s/n:38A1FC00	105750	1	OK	0.8681538	-0.4350324	0.0261780	-0.2374248	-7.874	-75.259	-976.254	0.2275877	0
1	Port 2: CAMP OT-Sensor-2013-05-08  s/n:38A1FC00	105753	1	OK	0.8683362	-0.4340478	0.0246178	-0.2387232	-8.504	-75.417	-975.397	0.2024692	0
1	Port 2: CAMP OT-Sensor-2013-05-08  s/n:38A1FC00	105756	1	OK	0.8682870	-0.4338500	0.0260194	-0.2391127	-8.921	-75.426	-974.712	0.2103941	0
1	Port 2: CAMP OT-Sensor-2013-05-08  s/n:38A1FC00	105759	1	OK	0.8681093	-0.4345380	0.0243384	-0.2386852	-9.146	-75.339	-974.289	0.1949640	0
1	Port 2: CAMP OT-Sensor-2013-05-08  s/n:38A1FC00	105762	1	OK	0.8682301	-0.4342664	0.0243673	-0.2387370	-9.371	-75.327	-973.978	0.2158618	0
1	Port 2: CAMP OT-Sensor-2013-05-08  s/n:38A1FC00	105765	1	OK	0.8684282	-0.4338612	0.0248030	-0.2387084	-9.713	-75.280	-973.402	0.2169093	0
1	Port 2: CAMP OT-Sensor-2013-05-08  s/n:38A1FC00	105768	1	OK	0.8684694	-0.4337365	0.0238072	-0.2388865	-10.149	-75.255	-972.694	0.1905530	0
1	Port 2: CAMP OT-Sensor-2013-05-08  s/n:38A1FC00	105771	1	OK	0.8683876	-0.4334005	0.0269771	-0.2394560	-10.640	-75.228	-971.938	0.2082442	0
1	Port 2: CAMP OT-Sensor-2013-05-08  s/n:38A1FC00	105774	1	OK	0.8683924	-0.4337439	0.0244028	-0.2390927	-11.020	-75.136	-971.285	0.2015760	0
1	Port 2: CAMP OT-Sensor-2013-05-08  s/n:38A1FC00	105777	1	OK	0.8684597	-0.4335612	0.0255715	-0.2390579	-11.386	-75.101	-970.688	0.1954072	0
1	Port 2: CAMP OT-Sensor-2013-05-08  s/n:38A1FC00	105780	1	OK	0.8684027	-0.4332164	0.0269794	-0.2397341	-11.707	-75.088	-970.215	0.1953466	0
1	Port 2: CAMP OT-Sensor-2013-05-08  s/n:38A1FC00	105783	1	OK	0.8685146	-0.4338824	0.0244872	-0.2383880	-11.974	-74.926	-969.643	0.1740383	0
1	Port 2: CAMP OT-Sensor-2013-05-08  s/n:38A1FC00	105786	1	OK	0.8681427	-0.4341208	0.0240234	-0.2393540	-12.357	-74.978	-969.075	0.1873793	0
1	Port 2: CAMP OT-Sensor-2013-05-08  s/n:38A1FC00	105789	1	OK	0.8683158	-0.4337950	0.0248289	-0.2392344	-12.682	-74.940	-968.577	0.2012833	0
1	Port 2: CAMP OT-Sensor-2013-05-08  s/n:38A1FC00	105792	1	OK	0.8684063	-0.4335567	0.0255128	-0.2392660	-13.052	-74.892	-967.980	0.1818430	0
1	Port 2: CAMP OT-Sensor-2013-05-08  s/n:38A1FC00	105795	1	OK	0.8684085	-0.4340706	0.0240778	-0.2384738	-13.343	-74.766	-967.416	0.1991356	0
1	Port 2: CAMP OT-Sensor-2013-05-08  s/n:38A1FC00	105798	1	OK	0.8683498	-0.4335201	0.0254833	-0.2395403	-13.786	-74.823	-966.819	0.1793238	0
1	Port 2: CAMP OT-Sensor-2013-05-08  s/n:38A1FC00	105801	1	OK	0.8685853	-0.4329746	0.0248232	-0.2397425	-14.173	-74.826	-966.168	0.1941698	0
1	Port 2: CAMP OT-Sensor-2013-05-08  s/n:38A1FC00	105804	1	OK	0.8683086	-0.4341823	0.0246412	-0.2385766	-14.560	-74.576	-965.424	0.2066844	0
1	Port 2: CAMP OT-Sensor-2013-05-08  s/n:38A1FC00	105807	1	OK	0.8685959	-0.4334530	0.0255451	-0.2387614	-15.077	-74.569	-964.587	0.2342094	0
1	Port 2: CAMP OT-Sensor-2013-05-08  s/n:38A1FC00	105810	1	OK	0.8683851	-0.4338867	0.0246968	-0.2388298	-15.522	-74.476	-963.878	0.2125195	0
1	Port 2: CAMP OT-Sensor-2013-05-08  s/n:38A1FC00	105813	1	OK	0.8688308	-0.4325244	0.0249054	-0.2396568	-16.029	-74.624	-963.226	0.2272493	0
1	Port 2: CAMP OT-Sensor-2013-05-08  s/n:38A1FC00	105816	1	OK	0.8685106	-0.4330645	0.0255150	-0.2397780	-16.390	-74.529	-962.619	0.2409052	0
1	Port 2: CAMP OT-Sensor-2013-05-08  s/n:38A1FC00	105819	1	OK	0.8683467	-0.4338476	0.0246446	-0.2390459	-16.689	-74.363	-962.049	0.2315666	0
1	Port 2: CAMP OT-Sensor-2013-05-08  s/n:38A1FC00	105822	1	OK	0.8683886	-0.4332779	0.0252676	-0.2398605	-17.075	-74.453	-961.554	0.2070761	0
1	Port 2: CAMP OT-Sensor-2013-05-08  s/n:38A1FC00	105825	1	OK	0.8687471	-0.4326951	0.0237005	-0.2397744	-17.433	-74.419	-960.978	0.2165794	0
1	Port 2: CAMP OT-Sensor-2013-05-08  s/n:38A1FC00	105828	1	OK	0.8686020	-0.4331397	0.0234294	-0.2395236	-17.822	-74.324	-960.301	0.1935967	0
1	Port 2: CAMP OT-Sensor-2013-05-08  s/n:38A1FC00	105831	1	OK	0.8685792	-0.4331496	0.0236690	-0.2395649	-18.272	-74.248	-959.531	0.2383530	0
1	Port 2: CAMP OT-Sensor-2013-05-08  s/n:38A1FC00	105834	1	OK	0.8685498	-0.4335477	0.0253652	-0.2387766	-18.669	-74.053	-958.852	0.2151600	0
1	Port 2: CAMP OT-Sensor-2013-05-08  s/n:38A1FC00	105837	1	OK	0.8686385	-0.4330091	0.0250220	-0.2394664	-19.186	-74.117	-958.080	0.2357121	0
1	Port 2: CAMP OT-Sensor-2013-05-08  s/n:38A1FC00	105840	1	OK	0.8685688	-0.4328971	0.0255167	-0.2398694	-19.691	-74.071	-957.260	0.2377724	0
1	Port 2: CAMP OT-Sensor-2013-05-08  s/n:38A1FC00	105843	1	OK	0.8690833	-0.4322150	0.0216609	-0.2396147	-20.226	-74.093	-956.402	0.2009065	0
1	Port 2: CAMP OT-Sensor-2013-05-08  s/n:38A1FC00	105846	1	OK	0.8683585	-0.4334298	0.0258072	-0.2396375	-20.725	-73.875	-955.580	0.2283231	0
1	Port 2: CAMP OT-Sensor-2013-05-08  s/n:38A1FC00	105849	1	OK	0.8687575	-0.4331592	0.0241781	-0.2388492	-21.220	-73.759	-954.718	0.2377432	0
1	Port 2: CAMP OT-Sensor-2013-05-08  s/n:38A1FC00	105852	1	OK	0.8688072	-0.4328974	0.0246590	-0.2390936	-21.837	-73.744	-953.758	0.2180945	0
1	Port 2: CAMP OT-Sensor-2013-05-08  s/n:38A1FC00	105855	1	OK	0.8690267	-0.4319627	0.0239157	-0.2400602	-22.404	-73.816	-952.930	0.2523513	0
1	Port 2: CAMP OT-Sensor-2013-05-08  s/n:38A1FC00	105858	1	OK	0.8687508	-0.4326660	0.0242955	-0.2397537	-22.834	-73.701	-952.226	0.2139755	0
1	Port 2: CAMP OT-Sensor-2013-05-08  s/n:38A1FC00	105861	1	OK	0.8688099	-0.4327261	0.0235992	-0.2395004	-23.206	-73.598	-951.587	0.2305885	0
1	Port 2: CAMP OT-Sensor-2013-05-08  s/n:38A1FC00	105864	1	OK	0.8688252	-0.4324842	0.0260146	-0.2396319	-23.639	-73.531	-950.935	0.2232686	0
1	Port 2: CAMP OT-Sensor-2013-05-08  s/n:38A1FC00	105867	1	OK	0.8687517	-0.4328473	0.0254243	-0.2393058	-24.031	-73.463	-950.213	0.2648307	0
1	Port 2: CAMP OT-Sensor-2013-05-08  s/n:38A1FC00	105870	1	OK	0.8685880	-0.4327704	0.0247420	-0.2401095	-24.403	-73.514	-949.700	0.2318537	0
1	Port 2: CAMP OT-Sensor-2013-05-08  s/n:38A1FC00	105873	1	OK	0.8688864	-0.4328117	0.0245094	-0.2389765	-24.713	-73.360	-949.073	0.2342872	0
1	Port 2: CAMP OT-Sensor-2013-05-08  s/n:38A1FC00	105876	1	OK	0.8689180	-0.4324695	0.0228918	-0.2396407	-25.157	-73.404	-948.401	0.2318329	0
1	Port 2: CAMP OT-Sensor-2013-05-08  s/n:38A1FC00	105879	1	OK	0.8687309	-0.4333307	0.0239095	-0.2386618	-25.458	-73.174	-947.811	0.2404300	0
1	Port 2: CAMP OT-Sensor-2013-05-08  s/n:38A1FC00	105882	1	OK	0.8690045	-0.4326874	0.0226964	-0.2389510	-25.792	-73.245	-947.334	0.2345250	0
1	Port 2: CAMP OT-Sensor-2013-05-08  s/n:38A1FC00	105885	1	OK	0.8687298	-0.4329842	0.0242957	-0.2392548	-26.125	-73.151	-946.828	0.2365226	0
1	Port 2: CAMP OT-Sensor-2013-05-08  s/n:38A1FC00	105888	1	OK	0.8690143	-0.4324358	0.0230275	-0.2393391	-26.580	-73.181	-946.073	0.2651887	0
1	Port 2: CAMP OT-Sensor-2013-05-08  s/n:38A1FC00	105891	1	OK	0.8690393	-0.4324427	0.0231226	-0.2392266	-27.079	-73.109	-945.282	0.2364550	0
1	Port 2: CAMP OT-Sensor-2013-05-08  s/n:38A1FC00	105894	1	OK	0.8687420	-0.4325837	0.0240356	-0.2399602	-27.648	-73.065	-944.415	0.2472745	0
1	Port 2: CAMP OT-Sensor-2013-05-08  s/n:38A1FC00	105897	1	OK	0.8689544	-0.4325220	0.0242515	-0.2392798	-28.217	-72.940	-943.479	0.2470987	0
1	Port 2: CAMP OT-Sensor-2013-05-08  s/n:38A1FC00	105900	1	OK	0.8689231	-0.4325253	0.0234148	-0.2394706	-28.824	-72.902	-942.487	0.2491708	0
1	Port 2: CAMP OT-Sensor-2013-05-08  s/n:38A1FC00	105903	1	OK	0.8690985	-0.4321396	0.0225814	-0.2396107	-29.405	-72.855	-941.595	0.2495095	0
1	Port 2: CAMP OT-Sensor-2013-05-08  s/n:38A1FC00	105906	1	OK	0.8689920	-0.4325276	0.0222408	-0.2393283	-29.900	-72.747	-940.752	0.2387819	0
1	Port 2: CAMP OT-Sensor-2013-05-08  s/n:38A1FC00	105909	1	OK	0.8690824	-0.4323341	0.0227409	-0.2393029	-30.306	-72.697	-940.115	0.2581393	0
1	Port 2: CAMP OT-Sensor-2013-05-08  s/n:38A1FC00	105912	1	OK	0.8689734	-0.4320910	0.0248565	-0.2399263	-30.690	-72.674	-939.633	0.2436609	0
1	Port 2: CAMP OT-Sensor-2013-05-08  s/n:38A1FC00	105915	1	OK	0.8690943	-0.4320797	0.0228228	-0.2397109	-31.017	-72.621	-939.047	0.2264150	0
1	Port 2: CAMP OT-Sensor-2013-05-08  s/n:38A1FC00	105918	1	OK	0.8691243	-0.4323224	0.0216180	-0.2392759	-31.368	-72.544	-938.385	0.2215479	0
1	Port 2: CAMP OT-Sensor-2013-05-08  s/n:38A1FC00	105921	1	OK	0.8691680	-0.4317556	0.0246718	-0.2398444	-31.781	-72.497	-937.882	0.2107096	0
1	Port 2: CAMP OT-Sensor-2013-05-08  s/n:38A1FC00	105924	1	OK	0.8692398	-0.4318876	0.0230347	-0.2395092	-32.131	-72.417	-937.232	0.2678183	0
1	Port 2: CAMP OT-Sensor-2013-05-08  s/n:38A1FC00	105927	1	OK	0.8692419	-0.4320496	0.0222026	-0.2392880	-32.470	-72.383	-936.651	0.2717842	0
1	Port 2: CAMP OT-Sensor-2013-05-08  s/n:38A1FC00	105930	1	OK	0.8691985	-0.4321593	0.0221681	-0.2392508	-32.754	-72.363	-936.202	0.2427261	0
1	Port 2: CAMP OT-Sensor-2013-05-08  s/n:38A1FC00	105933	1	OK	0.8690585	-0.4323921	0.0227733	-0.2392817	-33.065	-72.286	-935.728	0.2712955	0
1	Port 2: CAMP OT-Sensor-2013-05-08  s/n:38A1FC00	105936	1	OK	0.8691244	-0.4322296	0.0227537	-0.2393377	-33.326	-72.260	-935.336	0.2485205	0
1	Port 2: CAMP OT-Sensor-2013-05-08  s/n:38A1FC00	105939	1	OK	0.8694428	-0.4317613	0.0223345	-0.2390661	-33.638	-72.188	-934.793	0.2648200	0
1	Port 2: CAMP OT-Sensor-2013-05-08  s/n:38A1FC00	105942	1	OK	0.8692115	-0.4318784	0.0237658	-0.2395570	-33.931	-72.178	-934.373	0.2490457	0
1	Port 2: CAMP OT-Sensor-2013-05-08  s/n:38A1FC00	105945	1	OK	0.8690991	-0.4325705	0.0214697	-0.2389320	-34.206	-72.093	-933.837	0.2367171	0
1	Port 2: CAMP OT-Sensor-2013-05-08  s/n:38A1FC00	105948	1	OK	0.8692510	-0.4322411	0.0213726	-0.2389843	-34.517	-72.064	-933.328	0.2661381	0
1	Port 2: CAMP OT-Sensor-2013-05-08  s/n:38A1FC00	105951	1	OK	0.8689907	-0.4322699	0.0244957	-0.2395785	-34.860	-72.019	-932.888	0.2655340	0
1	Port 2: CAMP OT-Sensor-2013-05-08  s/n:38A1FC00	105954	1	OK	0.8692087	-0.4322417	0.0221675	-0.2390650	-35.192	-71.993	-932.323	0.2301089	0
1	Port 2: CAMP OT-Sensor-2013-05-08  s/n:38A1FC00	105957	1	OK	0.8691530	-0.4322759	0.0224615	-0.2391779	-35.484	-71.920	-931.865	0.2696931	0
1	Port 2: CAMP OT-Sensor-2013-05-08  s/n:38A1FC00	105960	1	OK	0.8691701	-0.4321746	0.0224757	-0.2392973	-35.770	-71.899	-931.389	0.2191234	0
1	Port 2: CAMP OT-Sensor-2013-05-08  s/n:38A1FC00	105963	1	OK	0.8691925	-0.4323718	0.0209930	-0.2389943	-36.086	-71.854	-930.829	0.2587864	0
1	Port 2: CAMP OT-Sensor-2013-05-08  s/n:38A1FC00	105966	1	OK	0.8694159	-0.4318153	0.0220567	-0.2390921	-36.503	-71.811	-930.233	0.2740355	0
1	Port 2: CAMP OT-Sensor-2013-05-08  s/n:38A1FC00	105969	1	OK	0.8691611	-0.4322643	0.0217174	-0.2392381	-36.818	-71.736	-929.709	0.2689763	0
1	Port 2: CAMP OT-Sensor-2013-05-08  s/n:38A1FC00	105972	1	OK	0.8693516	-0.4320650	0.0216295	-0.2389139	-37.153	-71.686	-929.160	0.2368283	0
1	Port 2: CAMP OT-Sensor-2013-05-08  s/n:38A1FC00	105975	1	OK	0.8692538	-0.4318876	0.0233911	-0.2394240	-37.537	-71.642	-928.598	0.2487043	0
1	Port 2: CAMP OT-Sensor-2013-05-08  s/n:38A1FC00	105978	1	OK	0.8691755	-0.4320576	0.0229015	-0.2394488	-37.930	-71.575	-927.997	0.2685277	0
1	Port 2: CAMP OT-Sensor-2013-05-08  s/n:38A1FC00	105981	1	OK	0.8691811	-0.4321417	0.0229308	-0.2392738	-38.371	-71.524	-927.338	0.2401633	0
1	Port 2: CAMP OT-Sensor-2013-05-08  s/n:38A1FC00	105984	1	OK	0.8690246	-0.4325249	0.0214751	-0.2392849	-38.791	-71.448	-926.538	0.2295038	0
1	Port 2: CAMP OT-Sensor-2013-05-08  s/n:38A1FC00	105987	1	OK	0.8692112	-0.4319960	0.0229437	-0.2394262	-39.233	-71.389	-925.903	0.2553524	0
1	Port 2: CAMP OT-Sensor-2013-05-08  s/n:38A1FC00	105990	1	OK	0.8693756	-0.4317476	0.0226741	-0.2393029	-39.633	-71.353	-925.272	0.2597054	0
1	Port 2: CAMP OT-Sensor-2013-05-08  s/n:38A1FC00	105993	1	OK	0.8691814	-0.4320762	0.0221411	-0.2394654	-40.012	-71.262	-924.616	0.2521064	0
1	Port 2: CAMP OT-Sensor-2013-05-08  s/n:38A1FC00	105996	1	OK	0.8695070	-0.4315796	0.0223193	-0.2391623	-40.333	-71.231	-924.140	0.2844401	0
1	Port 2: CAMP OT-Sensor-2013-05-08  s/n:38A1FC00	105999	1	OK	0.8696551	-0.4313637	0.0223344	-0.2390116	-40.644	-71.218	-923.600	0.2521768	0
1	Port 2: CAMP OT-Sensor-2013-05-08  s/n:38A1FC00	106002	1	OK	0.8693937	-0.4319430	0.0223158	-0.2389180	-41.005	-71.139	-923.055	0.2466548	0
1	Port 2: CAMP OT-Sensor-2013-05-08  s/n:38A1FC00	106005	1	OK	0.8692686	-0.4323520	0.0211004	-0.2387441	-41.357	-71.066	-922.462	0.2717050	0
1	Port 2: CAMP OT-Sensor-2013-05-08  s/n:38A1FC00	106008	1	OK	0.8693826	-0.4320059	0.0219725	-0.2388768	-41.791	-71.037	-921.796	0.2585504	0
1	Port 2: CAMP OT-Sensor-2013-05-08  s/n:38A1FC00	106011	1	OK	0.8693891	-0.4318743	0.0229856	-0.2389956	-42.232	-70.934	-921.112	0.2683890	0
1	Port 2: CAMP OT-Sensor-2013-05-08  s/n:38A1FC00	106014	1	OK	0.8691692	-0.4322032	0.0222487	-0.2392704	-42.660	-70.856	-920.424	0.2620674	0
1	Port 2: CAMP OT-Sensor-2013-05-08  s/n:38A1FC00	106017	1	OK	0.8694021	-0.4321419	0.0210329	-0.2386442	-43.011	-70.817	-919.766	0.2609552	0
1	Port 2: CAMP OT-Sensor-2013-05-08  s/n:38A1FC00	106020	1	OK	0.8692263	-0.4325723	0.0204634	-0.2385541	-43.334	-70.748	-919.258	0.2468468	0
1	Port 2: CAMP OT-Sensor-2013-05-08  s/n:38A1FC00	106023	1	OK	0.8693013	-0.4324805	0.0196743	-0.2385137	-43.607	-70.707	-918.855	0.2502859	0
1	Port 2: CAMP OT-Sensor-2013-05-08  s/n:38A1FC00	106026	1	OK	0.8693581	-0.4321571	0.0214043	-0.2387437	-43.919	-70.703	-918.383	0.2485618	0
1	Port 2: CAMP OT-Sensor-2013-05-08  s/n:38A1FC00	106029	1	OK	0.8692848	-0.4323927	0.0211211	-0.2386094	-44.235	-70.613	-917.873	0.2705720	0
1	Port 2: CAMP OT-Sensor-2013-05-08  s/n:38A1FC00	106032	1	OK	0.8692821	-0.4323569	0.0210924	-0.2386866	-44.590	-70.584	-917.308	0.2594815	0
1	Port 2: CAMP OT-Sensor-2013-05-08  s/n:38A1FC00	106035	1	OK	0.8691349	-0.4328076	0.0195302	-0.2385387	-44.880	-70.504	-916.786	0.2911643	0
1	Port 2: CAMP OT-Sensor-2013-05-08  s/n:38A1FC00	106038	1	OK	0.8692623	-0.4324916	0.0199564	-0.2386124	-45.127	-70.484	-916.448	0.2606019	0
1	Port 2: CAMP OT-Sensor-2013-05-08  s/n:38A1FC00	106041	1	OK	0.8693785	-0.4324802	0.0192315	-0.2382690	-45.369	-70.446	-915.955	0.2874428	0
1	Port 2: CAMP OT-Sensor-2013-05-08  s/n:38A1FC00	106044	1	OK	0.8691984	-0.4325332	0.0204916	-0.2387243	-45.755	-70.396	-915.426	0.2687364	0
1	Port 2: CAMP OT-Sensor-2013-05-08  s/n:38A1FC00	106047	1	OK	0.8693943	-0.4323018	0.0195864	-0.2385062	-46.097	-70.355	-914.816	0.2581753	0
1	Port 2: CAMP OT-Sensor-2013-05-08  s/n:38A1FC00	106050	1	OK	0.8693167	-0.4323657	0.0200885	-0.2386312	-46.443	-70.305	-914.286	0.2967547	0
1	Port 2: CAMP OT-Sensor-2013-05-08  s/n:38A1FC00	106053	1	OK	0.8690851	-0.4328335	0.0195247	-0.2386736	-46.773	-70.252	-913.771	0.2314556	0
1	Port 2: CAMP OT-Sensor-2013-05-08  s/n:38A1FC00	106056	1	OK	0.8693166	-0.4326819	0.0185770	-0.2381806	-47.101	-70.191	-913.191	0.2926954	0
1	Port 2: CAMP OT-Sensor-2013-05-08  s/n:38A1FC00	106059	1	OK	0.8690712	-0.4329860	0.0193092	-0.2384652	-47.405	-70.162	-912.754	0.2685687	0
1	Port 2: CAMP OT-Sensor-2013-05-08  s/n:38A1FC00	106062	1	OK	0.8693831	-0.4325970	0.0181720	-0.2381231	-47.660	-70.125	-912.256	0.2585258	0
1	Port 2: CAMP OT-Sensor-2013-05-08  s/n:38A1FC00	106065	1	OK	0.8692370	-0.4321843	0.0219675	-0.2390840	-47.950	-70.095	-911.939	0.2827561	0
1	Port 2: CAMP OT-Sensor-2013-05-08  s/n:38A1FC00	106068	1	OK	0.8691375	-0.4326995	0.0201940	-0.2386698	-48.216	-70.037	-911.458	0.2792768	0
1	Port 2: CAMP OT-Sensor-2013-05-08  s/n:38A1FC00	106071	1	OK	0.8691826	-0.4326161	0.0200444	-0.2386696	-48.544	-70.007	-910.902	0.3025762	0
1	Port 2: CAMP OT-Sensor-2013-05-08  s/n:38A1FC00	106074	1	OK	0.8690369	-0.4330821	0.0191591	-0.2384274	-48.925	-69.923	-910.299	0.2603909	0
1	Port 2: CAMP OT-Sensor-2013-05-08  s/n:38A1FC00	106077	1	OK	0.8692699	-0.4327077	0.0192269	-0.2382525	-49.311	-69.854	-909.678	0.2743010	0
1	Port 2: CAMP OT-Sensor-2013-05-08  s/n:38A1FC00	106080	1	OK	0.8691780	-0.4329061	0.0182900	-0.2383010	-49.768	-69.778	-908.940	0.2670168	0
1	Port 2: CAMP OT-Sensor-2013-05-08  s/n:38A1FC00	106083	1	OK	0.8690520	-0.4329027	0.0196444	-0.2386586	-50.211	-69.726	-908.279	0.2564954	0
1	Port 2: CAMP OT-Sensor-2013-05-08  s/n:38A1FC00	106086	1	OK	0.8691711	-0.4328043	0.0194951	-0.2384155	-50.599	-69.665	-907.626	0.2512392	0
1	Port 2: CAMP OT-Sensor-2013-05-08  s/n:38A1FC00	106089	1	OK	0.8692099	-0.4328027	0.0181355	-0.2383841	-51.029	-69.581	-906.930	0.2734557	0
1	Port 2: CAMP OT-Sensor-2013-05-08  s/n:38A1FC00	106092	1	OK	0.8688821	-0.4331743	0.0191947	-0.2388209	-51.494	-69.492	-906.190	0.2685204	0
1	Port 2: CAMP OT-Sensor-2013-05-08  s/n:38A1FC00	106095	1	OK	0.8691790	-0.4327849	0.0192365	-0.2384432	-51.948	-69.462	-905.511	0.2670895	0
1	Port 2: CAMP OT-Sensor-2013-05-08  s/n:38A1FC00	106098	1	OK	0.8692151	-0.4328889	0.0187026	-0.2381648	-52.392	-69.375	-904.744	0.2621216	0
1	Port 2: CAMP OT-Sensor-2013-05-08  s/n:38A1FC00	106101	1	OK	0.8688100	-0.4336730	0.0177112	-0.2382923	-52.724	-69.289	-904.207	0.2810145	0
1	Port 2: CAMP OT-Sensor-2013-05-08  s/n:38A1FC00	106104	1	OK	0.8690403	-0.4332285	0.0183014	-0.2382165	-53.030	-69.252	-903.732	0.3097699	0
1	Port 2: CAMP OT-Sensor-2013-05-08  s/n:38A1FC00	106107	1	OK	0.8690172	-0.4330293	0.0187658	-0.2386267	-53.274	-69.229	-903.370	0.2971003	0
1	Port 2: CAMP OT-Sensor-2013-05-08  s/n:38A1FC00	106110	1	OK	0.8690102	-0.4332395	0.0187704	-0.2382698	-53.551	-69.182	-902.925	0.2965845	0
1	Port 2: CAMP OT-Sensor-2013-05-08  s/n:38A1FC00	106113	1	OK	0.8688097	-0.4334918	0.0188127	-0.2385385	-53.895	-69.093	-902.386	0.2817644	0
1	Port 2: CAMP OT-Sensor-2013-05-08  s/n:38A1FC00	106116	1	OK	0.8689343	-0.4332339	0.0189416	-0.2385431	-54.184	-69.101	-901.934	0.2784592	0
1	Port 2: CAMP OT-Sensor-2013-05-08  s/n:38A1FC00	106119	1	OK	0.8689607	-0.4332037	0.0190899	-0.2384897	-54.501	-69.041	-901.465	0.2945690	0
1	Port 2: CAMP OT-Sensor-2013-05-08  s/n:38A1FC00	106122	1	OK	0.8691244	-0.4330466	0.0183902	-0.2382336	-54.731	-69.030	-901.013	0.2844635	0
1	Port 2: CAMP OT-Sensor-2013-05-08  s/n:38A1FC00	106125	1	OK	0.8690273	-0.4331471	0.0187959	-0.2383733	-54.961	-68.966	-900.652	0.3118053	0
1	Port 2: CAMP OT-Sensor-2013-05-08  s/n:38A1FC00	106128	1	OK	0.8690140	-0.4332283	0.0180392	-0.2383327	-55.163	-68.956	-900.361	0.2930208	0
1	Port 2: CAMP OT-Sensor-2013-05-08  s/n:38A1FC00	106131	1	OK	0.8692037	-0.4329516	0.0179169	-0.2381530	-55.363	-68.921	-899.987	0.2868143	0
1	Port 2: CAMP OT-Sensor-2013-05-08  s/n:38A1FC00	106134	1	OK	0.8691454	-0.4329741	0.0184667	-0.2382828	-55.557	-68.881	-899.745	0.2970666	0
1	Port 2: CAMP OT-Sensor-2013-05-08  s/n:38A1FC00	106137	1	OK	0.8690221	-0.4333994	0.0174579	-0.2380351	-55.713	-68.839	-899.436	0.2959036	0
1	Port 2: CAMP OT-Sensor-2013-05-08  s/n:38A1FC00	106140	1	OK	0.8690614	-0.4331549	0.0180662	-0.2382912	-55.870	-68.853	-899.250	0.2971725	0
1	Port 2: CAMP OT-Sensor-2013-05-08  s/n:38A1FC00	106143	1	OK	0.8690464	-0.4332638	0.0179077	-0.2381600	-55.923	-68.830	-899.153	0.3019784	0
1	Port 2: CAMP OT-Sensor-2013-05-08  s/n:38A1FC00	106146	1	OK	0.8691284	-0.4329297	0.0187875	-0.2384005	-55.959	-68.845	-899.110	0.2835281	0
1	Port 2: CAMP OT-Sensor-2013-05-08  s/n:38A1FC00	106149	1	OK	0.8691173	-0.4328706	0.0193225	-0.2385054	-55.993	-68.851	-899.099	0.2786843	0
1	Port 2: CAMP OT-Sensor-2013-05-08  s/n:38A1FC00	106152	1	OK	0.8691406	-0.4330445	0.0179255	-0.2382137	-56.049	-68.824	-898.946	0.2943534	0
1	Port 2: CAMP OT-Sensor-2013-05-08  s/n:38A1FC00	106155	1	OK	0.8691937	-0.4329591	0.0183013	-0.2381465	-56.160	-68.811	-898.792	0.2973164	0
1	Port 2: CAMP OT-Sensor-2013-05-08  s/n:38A1FC00	106158	1	OK	0.8690080	-0.4335361	0.0170711	-0.2378658	-56.292	-68.757	-898.518	0.2839623	0
1	Port 2: CAMP OT-Sensor-2013-05-08  s/n:38A1FC00	106161	1	OK	0.8692237	-0.4328613	0.0182602	-0.2382181	-56.549	-68.781	-898.174	0.2702565	0
1	Port 2: CAMP OT-Sensor-2013-05-08  s/n:38A1FC00	106164	1	OK	0.8690997	-0.4329072	0.0192917	-0.2385057	-56.781	-68.744	-897.813	0.2675792	0
1	Port 2: CAMP OT-Sensor-2013-05-08  s/n:38A1FC00	106167	1	OK	0.8692325	-0.4327421	0.0187906	-0.2383609	-56.979	-68.711	-897.489	0.2899902	0
1	Port 2: CAMP OT-Sensor-2013-05-08  s/n:38A1FC00	106170	1	OK	0.8691794	-0.4329204	0.0182120	-0.2382761	-57.103	-68.689	-897.230	0.2935931	0
1	Port 2: CAMP OT-Sensor-2013-05-08  s/n:38A1FC00	106173	1	OK	0.8690137	-0.4331859	0.0188788	-0.2383460	-57.195	-68.673	-897.094	0.2780475	0
1	Port 2: CAMP OT-Sensor-2013-05-08  s/n:38A1FC00	106176	1	OK	0.8691170	-0.4329687	0.0186038	-0.2383856	-57.296	-68.654	-896.927	0.3188368	0
1	Port 2: CAMP OT-Sensor-2013-05-08  s/n:38A1FC00	106179	1	OK	0.8690115	-0.4333220	0.0181450	-0.2381634	-57.415	-68.617	-896.724	0.2944635	0
1	Port 2: CAMP OT-Sensor-2013-05-08  s/n:38A1FC00	106182	1	OK	0.8691507	-0.4327270	0.0197086	-0.2386125	-57.589	-68.616	-896.509	0.2709322	0
1	Port 2: CAMP OT-Sensor-2013-05-08  s/n:38A1FC00	106185	1	OK	0.8690865	-0.4331499	0.0184211	-0.2381815	-57.725	-68.593	-896.215	0.2718373	0
1	Port 2: CAMP OT-Sensor-2013-05-08  s/n:38A1FC00	106188	1	OK	0.8691511	-0.4329295	0.0193308	-0.2382747	-57.875	-68.574	-896.020	0.2813449	0
1	Port 2: CAMP OT-Sensor-2013-05-08  s/n:38A1FC00	106191	1	OK	0.8692031	-0.4326020	0.0196101	-0.2386564	-57.972	-68.566	-895.904	0.2857055	0
1	Port 2: CAMP OT-Sensor-2013-05-08  s/n:38A1FC00	106194	1	OK	0.8691500	-0.4327883	0.0193065	-0.2385370	-58.028	-68.565	-895.817	0.2684125	0
1	Port 2: CAMP OT-Sensor-2013-05-08  s/n:38A1FC00	106197	1	OK	0.8693066	-0.4326117	0.0185399	-0.2383474	-58.110	-68.548	-895.663	0.2810340	0
1	Port 2: CAMP OT-Sensor-2013-05-08  s/n:38A1FC00	106200	1	OK	0.8691455	-0.4329016	0.0189972	-0.2383725	-58.213	-68.516	-895.493	0.2982292	0
1	Port 2: CAMP OT-Sensor-2013-05-08  s/n:38A1FC00	106203	1	OK	0.8691469	-0.4329292	0.0185807	-0.2383500	-58.366	-68.487	-895.236	0.2805918	0
1	Port 2: CAMP OT-Sensor-2013-05-08  s/n:38A1FC00	106206	1	OK	0.8691536	-0.4328094	0.0191300	-0.2384998	-58.578	-68.452	-894.932	0.2693860	0
1	Port 2: CAMP OT-Sensor-2013-05-08  s/n:38A1FC00	106209	1	OK	0.8691321	-0.4330179	0.0183849	-0.2382580	-58.740	-68.432	-894.583	0.2893554	0
1	Port 2: CAMP OT-Sensor-2013-05-08  s/n:38A1FC00	106212	1	OK	0.8692315	-0.4329542	0.0182627	-0.2380204	-58.898	-68.429	-894.339	0.2927884	0
1	Port 2: CAMP OT-Sensor-2013-05-08  s/n:38A1FC00	106215	1	OK	0.8690079	-0.4333285	0.0183009	-0.2381527	-58.967	-68.393	-894.237	0.2636142	0
1	Port 2: CAMP OT-Sensor-2013-05-08  s/n:38A1FC00	106218	1	OK	0.8689951	-0.4334552	0.0178667	-0.2380018	-59.006	-68.386	-894.172	0.2700418	0
1	Port 2: CAMP OT-Sensor-2013-05-08  s/n:38A1FC00	106221	1	OK	0.8690973	-0.4332801	0.0173214	-0.2379880	-59.060	-68.356	-894.058	0.2987188	0
1	Port 2: CAMP OT-Sensor-2013-05-08  s/n:38A1FC00	106224	1	OK	0.8689938	-0.4333440	0.0181397	-0.2381883	-59.210	-68.343	-893.861	0.2753132	0
1	Port 2: CAMP OT-Sensor-2013-05-08  s/n:38A1FC00	106227	1	OK	0.8691006	-0.4332641	0.0176432	-0.2379814	-59.490	-68.298	-893.381	0.2711962	0
1	Port 2: CAMP OT-Sensor-2013-05-08  s/n:38A1FC00	106230	1	OK	0.8689726	-0.4332833	0.0187751	-0.2383268	-59.850	-68.241	-892.864	0.3130096	0
1	Port 2: CAMP OT-Sensor-2013-05-08  s/n:38A1FC00	106233	1	OK	0.8690078	-0.4333416	0.0177669	-0.2381698	-60.055	-68.229	-892.497	0.2833061	0
1	Port 2: CAMP OT-Sensor-2013-05-08  s/n:38A1FC00	106236	1	OK	0.8689412	-0.4335143	0.0176844	-0.2381048	-60.236	-68.185	-892.185	0.2942922	0
1	Port 2: CAMP OT-Sensor-2013-05-08  s/n:38A1FC00	106239	1	OK	0.8691212	-0.4330665	0.0190735	-0.2381554	-60.455	-68.180	-891.918	0.2788970	0
1	Port 2: CAMP OT-Sensor-2013-05-08  s/n:38A1FC00	106242	1	OK	0.8689112	-0.4335008	0.0185787	-0.2381705	-60.712	-68.124	-891.449	0.3016815	0
1	Port 2: CAMP OT-Sensor-2013-05-08  s/n:38A1FC00	106245	1	OK	0.8688626	-0.4335681	0.0182245	-0.2382525	-60.942	-68.102	-891.089	0.2799121	0
1	Port 2: CAMP OT-Sensor-2013-05-08  s/n:38A1FC00	106248	1	OK	0.8690534	-0.4333701	0.0170502	-0.2380041	-61.125	-68.086	-890.792	0.2776759	0
1	Port 2: CAMP OT-Sensor-2013-05-08  s/n:38A1FC00	106251	1	OK	0.8691121	-0.4331109	0.0179633	-0.2381941	-61.324	-68.049	-890.473	0.2803540	0
1	Port 2: CAMP OT-Sensor-2013-05-08  s/n:38A1FC00	106254	1	OK	0.8690548	-0.4331798	0.0188232	-0.2382114	-61.523	-68.022	-890.148	0.2861962	0
1	Port 2: CAMP OT-Sensor-2013-05-08  s/n:38A1FC00	106257	1	OK	0.8690790	-0.4333880	0.0170045	-0.2378808	-61.754	-67.980	-889.751	0.2779793	0
1	Port 2: CAMP OT-Sensor-2013-05-08  s/n:38A1FC00	106260	1	OK	0.8688976	-0.4336383	0.0177819	-0.2380306	-62.029	-67.918	-889.338	0.2932969	0
1	Port 2: CAMP OT-Sensor-2013-05-08  s/n:38A1FC00	106263	1	OK	0.8688285	-0.4339304	0.0168786	-0.2378163	-62.258	-67.875	-888.927	0.2832158	0
1	Port 2: CAMP OT-Sensor-2013-05-08  s/n:38A1FC00	106266	1	OK	0.8690189	-0.4334042	0.0174494	-0.2380389	-62.484	-67.868	-888.596	0.2939968	0
1	Port 2: CAMP OT-Sensor-2013-05-08  s/n:38A1FC00	106269	1	OK	0.8689776	-0.4334944	0.0176894	-0.2380077	-62.687	-67.848	-888.260	0.2885304	0
1	Port 2: CAMP OT-Sensor-2013-05-08  s/n:38A1FC00	106272	1	OK	0.8689054	-0.4336685	0.0169386	-0.2380088	-62.901	-67.806	-887.907	0.2758573	0
1	Port 2: CAMP OT-Sensor-2013-05-08  s/n:38A1FC00	106275	1	OK	0.8689430	-0.4334594	0.0177930	-0.2381898	-63.134	-67.777	-887.603	0.2580687	0
1	Port 2: CAMP OT-Sensor-2013-05-08  s/n:38A1FC00	106278	1	OK	0.8688865	-0.4336619	0.0178702	-0.2380216	-63.286	-67.737	-887.295	0.2836405	0
1	Port 2: CAMP OT-Sensor-2013-05-08  s/n:38A1FC00	106281	1	OK	0.8690602	-0.4331907	0.0176176	-0.2382640	-63.421	-67.742	-887.109	0.2874438	0
1	Port 2: CAMP OT-Sensor-2013-05-08  s/n:38A1FC00	106284	1	OK	0.8690850	-0.4331328	0.0177688	-0.2382677	-63.602	-67.705	-886.799	0.3087660	0
1	Port 2: CAMP OT-Sensor-2013-05-08  s/n:38A1FC00	106287	1	OK	0.8690049	-0.4332101	0.0184120	-0.2383706	-63.857	-67.683	-886.469	0.2945364	0
1	Port 2: CAMP OT-Sensor-2013-05-08  s/n:38A1FC00	106290	1	OK	0.8690111	-0.4333982	0.0174145	-0.2380808	-64.108	-67.660	-886.002	0.2799329	0
1	Port 2: CAMP OT-Sensor-2013-05-08  s/n:38A1FC00	106293	1	OK	0.8692681	-0.4329196	0.0175033	-0.2380067	-64.385	-67.634	-885.570	0.3125135	0
1	Port 2: CAMP OT-Sensor-2013-05-08  s/n:38A1FC00	106296	1	OK	0.8690692	-0.4331379	0.0184231	-0.2382664	-64.608	-67.600	-885.241	0.2706071	0
1	Port 2: CAMP OT-Sensor-2013-05-08  s/n:38A1FC00	106299	1	OK	0.8690005	-0.4336810	0.0156269	-0.2377282	-64.787	-67.521	-884.878	0.3026671	0
1	Port 2: CAMP OT-Sensor-2013-05-08  s/n:38A1FC00	106302	1	OK	0.8689805	-0.4332909	0.0180957	-0.2383367	-64.999	-67.543	-884.625	0.2846361	0
1	Port 2: CAMP OT-Sensor-2013-05-08  s/n:38A1FC00	106305	1	OK	0.8689996	-0.4333263	0.0181994	-0.2381950	-65.239	-67.492	-884.219	0.3322729	0
1	Port 2: CAMP OT-Sensor-2013-05-08  s/n:38A1FC00	106308	1	OK	0.8689685	-0.4333429	0.0179216	-0.2382993	-65.498	-67.446	-883.779	0.2792360	0
1	Port 2: CAMP OT-Sensor-2013-05-08  s/n:38A1FC00	106311	1	OK	0.8690273	-0.4333010	0.0182609	-0.2381352	-65.787	-67.413	-883.319	0.2787096	0
1	Port 2: CAMP OT-Sensor-2013-05-08  s/n:38A1FC00	106314	1	OK	0.8689186	-0.4332526	0.0192055	-0.2385452	-66.089	-67.359	-882.935	0.2816755	0
1	Port 2: CAMP OT-Sensor-2013-05-08  s/n:38A1FC00	106317	1	OK	0.8690079	-0.4333491	0.0179152	-0.2381445	-66.361	-67.331	-882.431	0.2587685	0
1	Port 2: CAMP OT-Sensor-2013-05-08  s/n:38A1FC00	106320	1	OK	0.8690602	-0.4332348	0.0177479	-0.2381744	-66.673	-67.280	-881.948	0.3036054	0
1	Port 2: CAMP OT-Sensor-2013-05-08  s/n:38A1FC00	106323	1	OK	0.8691459	-0.4331292	0.0180254	-0.2380329	-66.913	-67.255	-881.552	0.2885360	0
1	Port 2: CAMP OT-Sensor-2013-05-08  s/n:38A1FC00	106326	1	OK	0.8689826	-0.4334708	0.0171586	-0.2380711	-67.165	-67.206	-881.133	0.2977054	0
1	Port 2: CAMP OT-Sensor-2013-05-08  s/n:38A1FC00	106329	1	OK	0.8690053	-0.4334304	0.0169968	-0.2380735	-67.365	-67.191	-880.806	0.2717458	0
1	Port 2: CAMP OT-Sensor-2013-05-08  s/n:38A1FC00	106332	1	OK	0.8689990	-0.4334939	0.0169279	-0.2379860	-67.500	-67.159	-880.609	0.2935267	0
1	Port 2: CAMP OT-Sensor-2013-05-08  s/n:38A1FC00	106335	1	OK	0.8690623	-0.4334672	0.0166322	-0.2378240	-67.556	-67.147	-880.485	0.2842683	0
1	Port 2: CAMP OT-Sensor-2013-05-08  s/n:38A1FC00	106338	1	OK	0.8691000	-0.4333318	0.0173252	-0.2378835	-67.594	-67.163	-880.472	0.2853138	0
1	Port 2: CAMP OT-Sensor-2013-05-08  s/n:38A1FC00	106341	1	OK	0.8690771	-0.4334680	0.0166411	-0.2377679	-67.659	-67.137	-880.343	0.2860713	0
1	Port 2: CAMP OT-Sensor-2013-05-08  s/n:38A1FC00	106344	1	OK	0.8689888	-0.4333885	0.0178385	-0.2381484	-67.730	-67.134	-880.243	0.3066749	0
1	Port 2: CAMP OT-Sensor-2013-05-08  s/n:38A1FC00	106347	1	OK	0.8689822	-0.4334162	0.0175000	-0.2381473	-67.802	-67.121	-880.098	0.2897497	0
1	Port 2: CAMP OT-Sensor-2013-05-08  s/n:38A1FC00	106350	1	OK	0.8690288	-0.4332156	0.0183000	-0.2382821	-67.909	-67.120	-879.953	0.2747634	0
1	Port 2: CAMP OT-Sensor-2013-05-08  s/n:38A1FC00	106353	1	OK	0.8690597	-0.4333760	0.0170127	-0.2379728	-68.002	-67.095	-879.761	0.2761685	0
1	Port 2: CAMP OT-Sensor-2013-05-08  s/n:38A1FC00	106356	1	OK	0.8689538	-0.4335461	0.0178522	-0.2379882	-68.202	-67.052	-879.474	0.2892597	0
1	Port 2: CAMP OT-Sensor-2013-05-08  s/n:38A1FC00	106359	1	OK	0.8689812	-0.4337999	0.0154313	-0.2375947	-68.381	-67.011	-879.081	0.2757165	0
1	Port 2: CAMP OT-Sensor-2013-05-08  s/n:38A1FC00	106362	1	OK	0.8689350	-0.4335704	0.0173457	-0.2380500	-68.650	-66.985	-878.734	0.2685344	0
1	Port 2: CAMP OT-Sensor-2013-05-08  s/n:38A1FC00	106365	1	OK	0.8689678	-0.4334460	0.0178778	-0.2381175	-68.917	-66.979	-878.318	0.2594575	0
1	Port 2: CAMP OT-Sensor-2013-05-08  s/n:38A1FC00	106368	1	OK	0.8690371	-0.4333112	0.0185199	-0.2380608	-69.204	-66.940	-877.860	0.3034429	0
1	Port 2: CAMP OT-Sensor-2013-05-08  s/n:38A1FC00	106371	1	OK	0.8689413	-0.4333389	0.0189596	-0.2383253	-69.498	-66.893	-877.391	0.3025517	0
1	Port 2: CAMP OT-Sensor-2013-05-08  s/n:38A1FC00	106374	1	OK	0.8688480	-0.4336896	0.0175843	-0.2381327	-69.781	-66.839	-876.937	0.2693192	0
1	Port 2: CAMP OT-Sensor-2013-05-08  s/n:38A1FC00	106377	1	OK	0.8688938	-0.4334753	0.0176880	-0.2383483	-70.034	-66.816	-876.512	0.2448944	0
1	Port 2: CAMP OT-Sensor-2013-05-08  s/n:38A1FC00	106380	1	OK	0.8689330	-0.4335066	0.0179543	-0.2381282	-70.268	-66.792	-876.180	0.2820492	0
1	Port 2: CAMP OT-Sensor-2013-05-08  s/n:38A1FC00	106383	1	OK	0.8690270	-0.4331761	0.0189768	-0.2383075	-70.513	-66.771	-875.851	0.2923745	0
1	Port 2: CAMP OT-Sensor-2013-05-08  s/n:38A1FC00	106386	1	OK	0.8688861	-0.4335669	0.0179222	-0.2381921	-70.668	-66.718	-875.501	0.2680574	0
1	Port 2: CAMP OT-Sensor-2013-05-08  s/n:38A1FC00	106389	1	OK	0.8689756	-0.4333298	0.0184999	-0.2382528	-70.879	-66.704	-875.205	0.2884379	0
1	Port 2: CAMP OT-Sensor-2013-05-08  s/n:38A1FC00	106392	1	OK	0.8689275	-0.4333721	0.0183037	-0.2383664	-71.020	-66.668	-874.937	0.2897497	0
1	Port 2: CAMP OT-Sensor-2013-05-08  s/n:38A1FC00	106395	1	OK	0.8688838	-0.4335760	0.0176675	-0.2382028	-71.178	-66.644	-874.697	0.3026121	0
1	Port 2: CAMP OT-Sensor-2013-05-08  s/n:38A1FC00	106398	1	OK	0.8689886	-0.4333524	0.0178825	-0.2382116	-71.328	-66.623	-874.470	0.2934336	0
1	Port 2: CAMP OT-Sensor-2013-05-08  s/n:38A1FC00	106401	1	OK	0.8689177	-0.4336942	0.0169398	-0.2379166	-71.456	-66.602	-874.244	0.3097408	0
1	Port 2: CAMP OT-Sensor-2013-05-08  s/n:38A1FC00	106404	1	OK	0.8691470	-0.4331219	0.0177340	-0.2380640	-71.609	-66.596	-874.005	0.2801365	0
1	Port 2: CAMP OT-Sensor-2013-05-08  s/n:38A1FC00	106407	1	OK	0.8690184	-0.4334000	0.0173162	-0.2380581	-71.680	-66.563	-873.920	0.2873357	0
1	Port 2: CAMP OT-Sensor-2013-05-08  s/n:38A1FC00	106410	1	OK	0.8688792	-0.4335978	0.0181100	-0.2381469	-71.824	-66.541	-873.680	0.2750194	0
1	Port 2: CAMP OT-Sensor-2013-05-08  s/n:38A1FC00	106413	1	OK	0.8689173	-0.4335030	0.0180459	-0.2381853	-72.004	-66.517	-873.389	0.2872743	0
1	Port 2: CAMP OT-Sensor-2013-05-08  s/n:38A1FC00	106416	1	OK	0.8688868	-0.4335229	0.0182144	-0.2382477	-72.199	-66.501	-873.035	0.2668150	0
1	Port 2: CAMP OT-Sensor-2013-05-08  s/n:38A1FC00	106419	1	OK	0.8689777	-0.4333752	0.0182048	-0.2381854	-72.426	-66.458	-872.713	0.2684095	0
1	Port 2: CAMP OT-Sensor-2013-05-08  s/n:38A1FC00	106422	1	OK	0.8688987	-0.4336976	0.0170297	-0.2379735	-72.591	-66.408	-872.390	0.2956725	0
1	Port 2: CAMP OT-Sensor-2013-05-08  s/n:38A1FC00	106425	1	OK	0.8689801	-0.4334342	0.0179049	-0.2380921	-72.764	-66.433	-872.151	0.2944126	0
1	Port 2: CAMP OT-Sensor-2013-05-08  s/n:38A1FC00	106428	1	OK	0.8690121	-0.4334464	0.0174029	-0.2379903	-72.920	-66.384	-871.844	0.2911320	0
1	Port 2: CAMP OT-Sensor-2013-05-08  s/n:38A1FC00	106431	1	OK	0.8689741	-0.4335781	0.0173074	-0.2378961	-73.115	-66.369	-871.555	0.3000622	0
1	Port 2: CAMP OT-Sensor-2013-05-08  s/n:38A1FC00	106434	1	OK	0.8690748	-0.4332860	0.0179194	-0.2380150	-73.292	-66.360	-871.278	0.2755790	0
1	Port 2: CAMP OT-Sensor-2013-05-08  s/n:38A1FC00	106437	1	OK	0.8689768	-0.4333482	0.0185088	-0.2382145	-73.401	-66.368	-871.171	0.2747773	0
1	Port 2: CAMP OT-Sensor-2013-05-08  s/n:38A1FC00	106440	1	OK	0.8689787	-0.4335244	0.0175448	-0.2379595	-73.467	-66.329	-870.989	0.2908449	0
1	Port 2: CAMP OT-Sensor-2013-05-08  s/n:38A1FC00	106443	1	OK	0.8689418	-0.4336370	0.0177169	-0.2378767	-73.534	-66.285	-870.910	0.2812595	0
1	Port 2: CAMP OT-Sensor-2013-05-08  s/n:38A1FC00	106446	1	OK	0.8690325	-0.4334832	0.0174772	-0.2378432	-73.616	-66.284	-870.760	0.2763192	0
1	Port 2: CAMP OT-Sensor-2013-05-08  s/n:38A1FC00	106449	1	OK	0.8689210	-0.4338968	0.0161939	-0.2375868	-73.736	-66.239	-870.544	0.2783236	0
1	Port 2: CAMP OT-Sensor-2013-05-08  s/n:38A1FC00	106452	1	OK	0.8687909	-0.4339889	0.0179759	-0.2377664	-73.900	-66.228	-870.336	0.2898809	0
1	Port 2: CAMP OT-Sensor-2013-05-08  s/n:38A1FC00	106455	1	OK	0.8689422	-0.4335589	0.0181811	-0.2379826	-74.060	-66.202	-870.053	0.2690787	0
1	Port 2: CAMP OT-Sensor-2013-05-08  s/n:38A1FC00	106458	1	OK	0.8689963	-0.4333901	0.0188501	-0.2380403	-74.166	-66.200	-869.917	0.2698368	0
1	Port 2: CAMP OT-Sensor-2013-05-08  s/n:38A1FC00	106461	1	OK	0.8688828	-0.4339453	0.0169852	-0.2375828	-74.228	-66.145	-869.766	0.2724398	0
1	Port 2: CAMP OT-Sensor-2013-05-08  s/n:38A1FC00	106464	1	OK	0.8688623	-0.4338438	0.0180516	-0.2377646	-74.370	-66.139	-869.582	0.2766700	0
1	Port 2: CAMP OT-Sensor-2013-05-08  s/n:38A1FC00	106467	1	OK	0.8689458	-0.4339059	0.0166281	-0.2374498	-74.559	-66.131	-869.232	0.2760375	0
1	Port 2: CAMP OT-Sensor-2013-05-08  s/n:38A1FC00	106470	1	OK	0.8690324	-0.4333052	0.0188522	-0.2380629	-74.887	-66.091	-868.770	0.2663045	0
1	Port 2: CAMP OT-Sensor-2013-05-08  s/n:38A1FC00	106473	1	OK	0.8691402	-0.4333303	0.0179855	-0.2376904	-75.151	-66.055	-868.326	0.2822993	0
1	Port 2: CAMP OT-Sensor-2013-05-08  s/n:38A1FC00	106476	1	OK	0.8689877	-0.4333150	0.0191169	-0.2381869	-75.369	-66.039	-867.979	0.2894014	0
1	Port 2: CAMP OT-Sensor-2013-05-08  s/n:38A1FC00	106479	1	OK	0.8690241	-0.4332544	0.0187849	-0.2381907	-75.482	-66.032	-867.843	0.2719282	0
1	Port 2: CAMP OT-Sensor-2013-05-08  s/n:38A1FC00	106482	1	OK	0.8689847	-0.4332757	0.0189279	-0.2382847	-75.569	-66.036	-867.718	0.2546127	0
1	Port 2: CAMP OT-Sensor-2013-05-08  s/n:38A1FC00	106485	1	OK	0.8688658	-0.4336431	0.0184809	-0.2380846	-75.664	-65.962	-867.501	0.2765162	0
1	Port 2: CAMP OT-Sensor-2013-05-08  s/n:38A1FC00	106488	1	OK	0.8689364	-0.4334682	0.0191918	-0.2380894	-75.846	-65.942	-867.249	0.2721248	0
1	Port 2: CAMP OT-Sensor-2013-05-08  s/n:38A1FC00	106491	1	OK	0.8689916	-0.4333453	0.0189651	-0.2381296	-76.022	-65.936	-866.955	0.2881340	0
1	Port 2: CAMP OT-Sensor-2013-05-08  s/n:38A1FC00	106494	1	OK	0.8688411	-0.4337127	0.0188095	-0.2380223	-76.157	-65.891	-866.721	0.3189761	0
1	Port 2: CAMP OT-Sensor-2013-05-08  s/n:38A1FC00	106497	1	OK	0.8687874	-0.4338453	0.0186309	-0.2379907	-76.282	-65.853	-866.513	0.2812141	0
1	Port 2: CAMP OT-Sensor-2013-05-08  s/n:38A1FC00	106500	1	OK	0.8688975	-0.4335683	0.0191817	-0.2380499	-76.462	-65.830	-866.244	0.2857666	0
1	Port 2: CAMP OT-Sensor-2013-05-08  s/n:38A1FC00	106503	1	OK	0.8690362	-0.4331925	0.0189725	-0.2382444	-76.676	-65.841	-865.927	0.3066892	0
1	Port 2: CAMP OT-Sensor-2013-05-08  s/n:38A1FC00	106506	1	OK	0.8690302	-0.4333813	0.0184156	-0.2379663	-76.846	-65.788	-865.621	0.2612327	0
1	Port 2: CAMP OT-Sensor-2013-05-08  s/n:38A1FC00	106509	1	OK	0.8689425	-0.4337472	0.0180930	-0.2376445	-77.004	-65.749	-865.323	0.2696364	0
1	Port 2: CAMP OT-Sensor-2013-05-08  s/n:38A1FC00	106512	1	OK	0.8689592	-0.4335987	0.0179636	-0.2378642	-77.170	-65.737	-865.102	0.2959560	0
1	Port 2: CAMP OT-Sensor-2013-05-08  s/n:38A1FC00	106515	1	OK	0.8689367	-0.4337704	0.0183113	-0.2376065	-77.324	-65.712	-864.832	0.2904901	0
1	Port 2: CAMP OT-Sensor-2013-05-08  s/n:38A1FC00	106518	1	OK	0.8690109	-0.4332018	0.0192659	-0.2382961	-77.494	-65.742	-864.617	0.2813021	0
1	Port 2: CAMP OT-Sensor-2013-05-08  s/n:38A1FC00	106521	1	OK	0.8689620	-0.4331033	0.0200086	-0.2385920	-77.586	-65.778	-864.547	0.2675522	0
1	Port 2: CAMP OT-Sensor-2013-05-08  s/n:38A1FC00	106524	1	OK	0.8690886	-0.4332528	0.0186623	-0.2379680	-77.629	-65.693	-864.362	0.2783495	0
1	Port 2: CAMP OT-Sensor-2013-05-08  s/n:38A1FC00	106527	1	OK	0.8690432	-0.4333322	0.0190091	-0.2379617	-77.726	-65.682	-864.214	0.2792598	0
1	Port 2: CAMP OT-Sensor-2013-05-08  s/n:38A1FC00	106530	1	OK	0.8689219	-0.4335666	0.0189285	-0.2379841	-77.861	-65.659	-864.019	0.3059676	0
1	Port 2: CAMP OT-Sensor-2013-05-08  s/n:38A1FC00	106533	1	OK	0.8688554	-0.4337629	0.0180095	-0.2379406	-78.022	-65.633	-863.723	0.2684946	0
1	Port 2: CAMP OT-Sensor-2013-05-08  s/n:38A1FC00	106536	1	OK	0.8691419	-0.4331749	0.0183694	-0.2379379	-78.282	-65.623	-863.347	0.2700853	0
1	Port 2: CAMP OT-Sensor-2013-05-08  s/n:38A1FC00	106539	1	OK	0.8688462	-0.4335417	0.0198809	-0.2382281	-78.542	-65.550	-862.927	0.2944798	0
1	Port 2: CAMP OT-Sensor-2013-05-08  s/n:38A1FC00	106542	1	OK	0.8689544	-0.4334889	0.0185336	-0.2380380	-78.798	-65.533	-862.489	0.2828738	0
1	Port 2: CAMP OT-Sensor-2013-05-08  s/n:38A1FC00	106545	1	OK	0.8690712	-0.4329543	0.0194338	-0.2385123	-79.050	-65.576	-862.160	0.2857721	0
1	Port 2: CAMP OT-Sensor-2013-05-08  s/n:38A1FC00	106548	1	OK	0.8690273	-0.4329918	0.0196835	-0.2385840	-79.221	-65.518	-861.904	0.2968956	0
1	Port 2: CAMP OT-Sensor-2013-05-08  s/n:38A1FC00	106551	1	OK	0.8690941	-0.4329743	0.0197357	-0.2383679	-79.345	-65.495	-861.661	0.2512085	0
1	Port 2: CAMP OT-Sensor-2013-05-08  s/n:38A1FC00	106554	1	OK	0.8689125	-0.4333500	0.0194273	-0.2383724	-79.502	-65.484	-861.437	0.2511662	0
1	Port 2: CAMP OT-Sensor-2013-05-08  s/n:38A1FC00	106557	1	OK	0.8689445	-0.4334918	0.0186232	-0.2380620	-79.673	-65.431	-861.134	0.2927591	0
1	Port 2: CAMP OT-Sensor-2013-05-08  s/n:38A1FC00	106560	1	OK	0.8690468	-0.4331672	0.0189738	-0.2382517	-79.878	-65.417	-860.800	0.2546487	0
1	Port 2: CAMP OT-Sensor-2013-05-08  s/n:38A1FC00	106563	1	OK	0.8689881	-0.4333970	0.0192606	-0.2380248	-80.101	-65.344	-860.415	0.2779682	0
1	Port 2: CAMP OT-Sensor-2013-05-08  s/n:38A1FC00	106566	1	OK	0.8691247	-0.4329472	0.0196552	-0.2383122	-80.312	-65.353	-860.128	0.2889763	0
1	Port 2: CAMP OT-Sensor-2013-05-08  s/n:38A1FC00	106569	1	OK	0.8690544	-0.4331949	0.0196597	-0.2381179	-80.441	-65.280	-859.891	0.2725625	0
1	Port 2: CAMP OT-Sensor-2013-05-08  s/n:38A1FC00	106572	1	OK	0.8689898	-0.4334699	0.0186224	-0.2379367	-80.563	-65.267	-859.690	0.2909604	0
1	Port 2: CAMP OT-Sensor-2013-05-08  s/n:38A1FC00	106575	1	OK	0.8688751	-0.4334469	0.0193633	-0.2383377	-80.724	-65.285	-859.488	0.2809705	0
1	Port 2: CAMP OT-Sensor-2013-05-08  s/n:38A1FC00	106578	1	OK	0.8689828	-0.4332807	0.0184755	-0.2383178	-80.871	-65.282	-859.279	0.2619271	0
1	Port 2: CAMP OT-Sensor-2013-05-08  s/n:38A1FC00	106581	1	OK	0.8690794	-0.4330533	0.0190250	-0.2383356	-80.983	-65.264	-859.097	0.2834634	0
1	Port 2: CAMP OT-Sensor-2013-05-08  s/n:38A1FC00	106584	1	OK	0.8690986	-0.4329959	0.0190036	-0.2383715	-81.112	-65.239	-858.888	0.2579759	0
1	Port 2: CAMP OT-Sensor-2013-05-08  s/n:38A1FC00	106587	1	OK	0.8690780	-0.4326527	0.0205439	-0.2389413	-81.270	-65.247	-858.693	0.2740115	0
1	Port 2: CAMP OT-Sensor-2013-05-08  s/n:38A1FC00	106590	1	OK	0.8689411	-0.4331516	0.0202186	-0.2385630	-81.416	-65.156	-858.381	0.2658201	0
1	Port 2: CAMP OT-Sensor-2013-05-08  s/n:38A1FC00	106593	1	OK	0.8689682	-0.4333593	0.0190136	-0.2381857	-81.678	-65.126	-857.965	0.2552613	0
1	Port 2: CAMP OT-Sensor-2013-05-08  s/n:38A1FC00	106596	1	OK	0.8689493	-0.4331924	0.0198682	-0.2384882	-81.972	-65.110	-857.506	0.2682924	0
1	Port 2: CAMP OT-Sensor-2013-05-08  s/n:38A1FC00	106599	1	OK	0.8687958	-0.4335676	0.0196273	-0.2383858	-82.144	-65.055	-857.209	0.2508198	0
1	Port 2: CAMP OT-Sensor-2013-05-08  s/n:38A1FC00	106602	1	OK	0.8686307	-0.4340777	0.0184506	-0.2381532	-82.222	-65.028	-857.024	0.2769718	0
1	Port 2: CAMP OT-Sensor-2013-05-08  s/n:38A1FC00	106605	1	OK	0.8689568	-0.4330572	0.0206397	-0.2386409	-82.309	-65.072	-857.013	0.2676235	0
1	Port 2: CAMP OT-Sensor-2013-05-08  s/n:38A1FC00	106608	1	OK	0.8690946	-0.4329202	0.0198055	-0.2384582	-82.354	-65.054	-856.910	0.2701490	0
1	Port 2: CAMP OT-Sensor-2013-05-08  s/n:38A1FC00	106611	1	OK	0.8690057	-0.4332480	0.0190216	-0.2382509	-82.422	-65.037	-856.742	0.2726905	0
1	Port 2: CAMP OT-Sensor-2013-05-08  s/n:38A1FC00	106614	1	OK	0.8690223	-0.4332274	0.0189116	-0.2382366	-82.526	-65.013	-856.612	0.2896426	0
1	Port 2: CAMP OT-Sensor-2013-05-08  s/n:38A1FC00	106617	1	OK	0.8688133	-0.4336194	0.0203714	-0.2381653	-82.643	-64.936	-856.421	0.2844242	0
1	Port 2: CAMP OT-Sensor-2013-05-08  s/n:38A1FC00	106620	1	OK	0.8688942	-0.4331485	0.0203653	-0.2387268	-82.817	-64.982	-856.154	0.2479229	0
1	Port 2: CAMP OT-Sensor-2013-05-08  s/n:38A1FC00	106623	1	OK	0.8688298	-0.4334089	0.0194378	-0.2385657	-82.934	-64.945	-855.962	0.2782534	0
1	Port 2: CAMP OT-Sensor-2013-05-08  s/n:38A1FC00	106626	1	OK	0.8687113	-0.4334439	0.0207273	-0.2388251	-83.069	-64.915	-855.766	0.2581908	0
1	Port 2: CAMP OT-Sensor-2013-05-08  s/n:38A1FC00	106629	1	OK	0.8688308	-0.4331695	0.0210669	-0.2388586	-83.228	-64.925	-855.517	0.2886277	0
1	Port 2: CAMP OT-Sensor-2013-05-08  s/n:38A1FC00	106632	1	OK	0.8688825	-0.4334312	0.0199395	-0.2382920	-83.447	-64.823	-855.097	0.2670465	0
1	Port 2: CAMP OT-Sensor-2013-05-08  s/n:38A1FC00	106635	1	OK	0.8687893	-0.4335388	0.0197350	-0.2384527	-83.703	-64.824	-854.718	0.2781739	0
1	Port 2: CAMP OT-Sensor-2013-05-08  s/n:38A1FC00	106638	1	OK	0.8688071	-0.4334045	0.0186887	-0.2387163	-83.910	-64.871	-854.420	0.2598024	0
1	Port 2: CAMP OT-Sensor-2013-05-08  s/n:38A1FC00	106641	1	OK	0.8689247	-0.4330581	0.0199240	-0.2388169	-84.028	-64.838	-854.249	0.2788812	0
1	Port 2: CAMP OT-Sensor-2013-05-08  s/n:38A1FC00	106644	1	OK	0.8688773	-0.4332990	0.0197537	-0.2385667	-84.091	-64.780	-854.080	0.2681995	0
1	Port 2: CAMP OT-Sensor-2013-05-08  s/n:38A1FC00	106647	1	OK	0.8687480	-0.4336987	0.0193029	-0.2383478	-84.183	-64.740	-853.970	0.2515928	0
1	Port 2: CAMP OT-Sensor-2013-05-08  s/n:38A1FC00	106650	1	OK	0.8688472	-0.4334760	0.0191751	-0.2384018	-84.254	-64.741	-853.814	0.2444271	0
1	Port 2: CAMP OT-Sensor-2013-05-08  s/n:38A1FC00	106653	1	OK	0.8690025	-0.4329440	0.0203754	-0.2387025	-84.300	-64.745	-853.810	0.2925288	0
1	Port 2: CAMP OT-Sensor-2013-05-08  s/n:38A1FC00	106656	1	OK	0.8689311	-0.4331619	0.0199218	-0.2386059	-84.326	-64.740	-853.775	0.2626285	0
1	Port 2: CAMP OT-Sensor-2013-05-08  s/n:38A1FC00	106659	1	OK	0.8687593	-0.4335029	0.0191527	-0.2386749	-84.426	-64.728	-853.584	0.2812243	0
1	Port 2: CAMP OT-Sensor-2013-05-08  s/n:38A1FC00	106662	1	OK	0.8687506	-0.4334674	0.0201866	-0.2386858	-84.669	-64.681	-853.223	0.2685157	0
1	Port 2: CAMP OT-Sensor-2013-05-08  s/n:38A1FC00	106665	1	OK	0.8687762	-0.4335413	0.0193814	-0.2385252	-84.950	-64.665	-852.762	0.2930562	0
1	Port 2: CAMP OT-Sensor-2013-05-08  s/n:38A1FC00	106668	1	OK	0.8686748	-0.4335333	0.0197067	-0.2388820	-85.224	-64.623	-852.322	0.2646386	0
1	Port 2: CAMP OT-Sensor-2013-05-08  s/n:38A1FC00	106671	1	OK	0.8688839	-0.4330804	0.0199314	-0.2389244	-85.462	-64.631	-852.007	0.2476784	0
1	Port 2: CAMP OT-Sensor-2013-05-08  s/n:38A1FC00	106674	1	OK	0.8689101	-0.4331425	0.0196363	-0.2387411	-85.621	-64.567	-851.729	0.2624269	0
1	Port 2: CAMP OT-Sensor-2013-05-08  s/n:38A1FC00	106677	1	OK	0.8687275	-0.4333944	0.0204410	-0.2388808	-85.740	-64.552	-851.522	0.2617625	0
1	Port 2: CAMP OT-Sensor-2013-05-08  s/n:38A1FC00	106680	1	OK	0.8687346	-0.4335992	0.0195837	-0.2385549	-85.854	-64.518	-851.316	0.2959379	0
1	Port 2: CAMP OT-Sensor-2013-05-08  s/n:38A1FC00	106683	1	OK	0.8688040	-0.4335667	0.0185229	-0.2384457	-85.996	-64.499	-851.049	0.2534250	0
1	Port 2: CAMP OT-Sensor-2013-05-08  s/n:38A1FC00	106686	1	OK	0.8687622	-0.4335869	0.0196806	-0.2384687	-86.130	-64.443	-850.835	0.2713071	0
1	Port 2: CAMP OT-Sensor-2013-05-08  s/n:38A1FC00	106689	1	OK	0.8689222	-0.4331941	0.0187082	-0.2386778	-86.251	-64.476	-850.667	0.2498549	0
1	Port 2: CAMP OT-Sensor-2013-05-08  s/n:38A1FC00	106692	1	OK	0.8688418	-0.4332525	0.0196626	-0.2387879	-86.373	-64.473	-850.504	0.2765603	0
1	Port 2: CAMP OT-Sensor-2013-05-08  s/n:38A1FC00	106695	1	OK	0.8687280	-0.4336415	0.0192644	-0.2385280	-86.442	-64.397	-850.336	0.2614371	0
1	Port 2: CAMP OT-Sensor-2013-05-08  s/n:38A1FC00	106698	1	OK	0.8687235	-0.4334259	0.0201452	-0.2388631	-86.523	-64.435	-850.276	0.2563597	0
1	Port 2: CAMP OT-Sensor-2013-05-08  s/n:38A1FC00	106701	1	OK	0.8687768	-0.4334027	0.0200500	-0.2387196	-86.627	-64.376	-850.070	0.2692682	0
1	Port 2: CAMP OT-Sensor-2013-05-08  s/n:38A1FC00	106704	1	OK	0.8689495	-0.4331250	0.0189341	-0.2386862	-86.851	-64.383	-849.706	0.2690163	0
1	Port 2: CAMP OT-Sensor-2013-05-08  s/n:38A1FC00	106707	1	OK	0.8687979	-0.4333810	0.0196513	-0.2387153	-87.067	-64.362	-849.364	0.2621702	0
1	Port 2: CAMP OT-Sensor-2013-05-08  s/n:38A1FC00	106710	1	OK	0.8689019	-0.4329477	0.0205250	-0.2390491	-87.191	-64.344	-849.215	0.2836215	0
1	Port 2: CAMP OT-Sensor-2013-05-08  s/n:38A1FC00	106713	1	OK	0.8688073	-0.4333520	0.0193870	-0.2387554	-87.245	-64.307	-849.096	0.2907045	0
1	Port 2: CAMP OT-Sensor-2013-05-08  s/n:38A1FC00	106716	1	OK	0.8687577	-0.4336183	0.0194128	-0.2384499	-87.357	-64.264	-848.894	0.2563182	0
1	Port 2: CAMP OT-Sensor-2013-05-08  s/n:38A1FC00	106719	1	OK	0.8687659	-0.4335678	0.0192856	-0.2385224	-87.524	-64.245	-848.625	0.2520600	0
1	Port 2: CAMP OT-Sensor-2013-05-08  s/n:38A1FC00	106722	1	OK	0.8689261	-0.4332242	0.0196320	-0.2385348	-87.773	-64.241	-848.245	0.2517597	0
1	Port 2: CAMP OT-Sensor-2013-05-08  s/n:38A1FC00	106725	1	OK	0.8687946	-0.4333949	0.0194546	-0.2387183	-88.032	-64.210	-847.853	0.2700441	0
1	Port 2: CAMP OT-Sensor-2013-05-08  s/n:38A1FC00	106728	1	OK	0.8687412	-0.4335465	0.0199561	-0.2385959	-88.260	-64.166	-847.478	0.2508955	0
1	Port 2: CAMP OT-Sensor-2013-05-08  s/n:38A1FC00	106731	1	OK	0.8688989	-0.4331981	0.0202389	-0.2386306	-88.467	-64.150	-847.119	0.2611657	0
1	Port 2: CAMP OT-Sensor-2013-05-08  s/n:38A1FC00	106734	1	OK	0.8689712	-0.4330254	0.0187132	-0.2388052	-88.580	-64.156	-846.980	0.2482349	0
1	Port 2: CAMP OT-Sensor-2013-05-08  s/n:38A1FC00	106737	1	OK	0.8689815	-0.4330544	0.0198351	-0.2386243	-88.663	-64.152	-846.841	0.2559850	0
1	Port 2: CAMP OT-Sensor-2013-05-08  s/n:38A1FC00	106740	1	OK	0.8689722	-0.4326320	0.0212377	-0.2393027	-88.727	-64.191	-846.831	0.2623813	0
1	Port 2: CAMP OT-Sensor-2013-05-08  s/n:38A1FC00	106743	1	OK	0.8689615	-0.4331236	0.0183947	-0.2386869	-88.709	-64.157	-846.763	0.2441350	0
1	Port 2: CAMP OT-Sensor-2013-05-08  s/n:38A1FC00	106746	1	OK	0.8688503	-0.4331390	0.0199181	-0.2389413	-88.753	-64.135	-846.738	0.2437033	0
1	Port 2: CAMP OT-Sensor-2013-05-08  s/n:38A1FC00	106749	1	OK	0.8689376	-0.4330258	0.0190023	-0.2389039	-88.888	-64.141	-846.505	0.2460950	0
1	Port 2: CAMP OT-Sensor-2013-05-08  s/n:38A1FC00	106752	1	OK	0.8688908	-0.4332159	0.0192836	-0.2387067	-89.005	-64.083	-846.301	0.2678641	0
1	Port 2: CAMP OT-Sensor-2013-05-08  s/n:38A1FC00	106755	1	OK	0.8689757	-0.4332163	0.0191848	-0.2384047	-89.121	-64.049	-846.069	0.2601167	0
1	Port 2: CAMP OT-Sensor-2013-05-08  s/n:38A1FC00	106758	1	OK	0.8690023	-0.4329543	0.0197328	-0.2387387	-89.313	-64.057	-845.770	0.2417181	0
1	Port 2: CAMP OT-Sensor-2013-05-08  s/n:38A1FC00	106761	1	OK	0.8688828	-0.4331322	0.0201620	-0.2388150	-89.534	-64.029	-845.454	0.2613351	0
1	Port 2: CAMP OT-Sensor-2013-05-08  s/n:38A1FC00	106764	1	OK	0.8690268	-0.4329356	0.0195025	-0.2387024	-89.724	-64.006	-845.165	0.2783826	0
1	Port 2: CAMP OT-Sensor-2013-05-08  s/n:38A1FC00	106767	1	OK	0.8690502	-0.4328837	0.0198927	-0.2386790	-89.836	-63.983	-844.954	0.2718402	0
1	Port 2: CAMP OT-Sensor-2013-05-08  s/n:38A1FC00	106770	1	OK	0.8690463	-0.4328630	0.0200857	-0.2387147	-89.888	-63.957	-844.898	0.2651742	0
1	Port 2: CAMP OT-Sensor-2013-05-08  s/n:38A1FC00	106773	1	OK	0.8690715	-0.4327500	0.0204750	-0.2387949	-89.917	-63.956	-844.867	0.2483020	0
1	Port 2: CAMP OT-Sensor-2013-05-08  s/n:38A1FC00	106776	1	OK	0.8689877	-0.4330167	0.0201719	-0.2386422	-89.951	-63.939	-844.779	0.2539547	0
1	Port 2: CAMP OT-Sensor-2013-05-08  s/n:38A1FC00	106779	1	OK	0.8689655	-0.4331367	0.0202186	-0.2385011	-90.015	-63.935	-844.690	0.2329424	0
1	Port 2: CAMP OT-Sensor-2013-05-08  s/n:38A1FC00	106782	1	OK	0.8690984	-0.4328272	0.0195780	-0.2386320	-90.112	-63.944	-844.535	0.2565267	0
1	Port 2: CAMP OT-Sensor-2013-05-08  s/n:38A1FC00	106785	1	OK	0.8690095	-0.4330604	0.0198132	-0.2385132	-90.154	-63.905	-844.423	0.2464891	0
1	Port 2: CAMP OT-Sensor-2013-05-08  s/n:38A1FC00	106788	1	OK	0.8689547	-0.4332221	0.0198385	-0.2384173	-90.218	-63.891	-844.362	0.2413073	0
1	Port 2: CAMP OT-Sensor-2013-05-08  s/n:38A1FC00	106791	1	OK	0.8689710	-0.4331910	0.0192497	-0.2384627	-90.312	-63.890	-844.168	0.2512999	0
1	Port 2: CAMP OT-Sensor-2013-05-08  s/n:38A1FC00	106794	1	OK	0.8689532	-0.4329846	0.0199044	-0.2388481	-90.442	-63.916	-844.014	0.2628603	0
1	Port 2: CAMP OT-Sensor-2013-05-08  s/n:38A1FC00	106797	1	OK	0.8691459	-0.4325589	0.0203501	-0.2388809	-90.536	-63.916	-843.859	0.2574263	0
1	Port 2: CAMP OT-Sensor-2013-05-08  s/n:38A1FC00	106800	1	OK	0.8691036	-0.4329582	0.0191758	-0.2384080	-90.610	-63.881	-843.691	0.2352904	0
1	Port 2: CAMP OT-Sensor-2013-05-08  s/n:38A1FC00	106803	1	OK	0.8691662	-0.4325646	0.0204186	-0.2387909	-90.768	-63.898	-843.475	0.2429897	0
1	Port 2: CAMP OT-Sensor-2013-05-08  s/n:38A1FC00	106806	1	OK	0.8691243	-0.4326730	0.0194758	-0.2388257	-90.973	-63.875	-843.155	0.2401251	0
1	Port 2: CAMP OT-Sensor-2013-05-08  s/n:38A1FC00	106809	1	OK	0.8689968	-0.4327490	0.0213942	-0.2389877	-91.208	-63.810	-842.825	0.2645108	0
1	Port 2: CAMP OT-Sensor-2013-05-08  s/n:38A1FC00	106812	1	OK	0.8690996	-0.4329242	0.0182321	-0.2385586	-91.423	-63.782	-842.395	0.2641361	0
1	Port 2: CAMP OT-Sensor-2013-05-08  s/n:38A1FC00	106815	1	OK	0.8692604	-0.4323259	0.0201929	-0.2388995	-91.631	-63.784	-842.111	0.2619588	0
1	Port 2: CAMP OT-Sensor-2013-05-08  s/n:38A1FC00	106818	1	OK	0.8690695	-0.4329632	0.0188681	-0.2385479	-91.731	-63.727	-841.922	0.2660523	0
1	Port 2: CAMP OT-Sensor-2013-05-08  s/n:38A1FC00	106821	1	OK	0.8691146	-0.4328719	0.0194052	-0.2385061	-91.856	-63.701	-841.725	0.2586229	0
1	Port 2: CAMP OT-Sensor-2013-05-08  s/n:38A1FC00	106824	1	OK	0.8690915	-0.4326128	0.0202798	-0.2389873	-92.020	-63.729	-841.551	0.2545184	0
1	Port 2: CAMP OT-Sensor-2013-05-08  s/n:38A1FC00	106827	1	OK	0.8691533	-0.4327313	0.0188346	-0.2386660	-92.135	-63.688	-841.286	0.2635781	0
1	Port 2: CAMP OT-Sensor-2013-05-08  s/n:38A1FC00	106830	1	OK	0.8691575	-0.4326208	0.0199241	-0.2387625	-92.252	-63.681	-841.124	0.2287915	0
1	Port 2: CAMP OT-Sensor-2013-05-08  s/n:38A1FC00	106833	1	OK	0.8691965	-0.4324807	0.0195707	-0.2389036	-92.393	-63.678	-840.908	0.2457698	0
1	Port 2: CAMP OT-Sensor-2013-05-08  s/n:38A1FC00	106836	1	OK	0.8691986	-0.4324532	0.0198785	-0.2389204	-92.564	-63.652	-840.642	0.2492599	0
1	Port 2: CAMP OT-Sensor-2013-05-08  s/n:38A1FC00	106839	1	OK	0.8692043	-0.4325256	0.0198462	-0.2387710	-92.701	-63.616	-840.422	0.2544931	0
1	Port 2: CAMP OT-Sensor-2013-05-08  s/n:38A1FC00	106842	1	OK	0.8691059	-0.4328926	0.0186798	-0.2385581	-92.864	-63.583	-840.127	0.2424378	0
1	Port 2: CAMP OT-Sensor-2013-05-08  s/n:38A1FC00	106845	1	OK	0.8692897	-0.4325119	0.0191160	-0.2385445	-93.100	-63.547	-839.768	0.2614335	0
1	Port 2: CAMP OT-Sensor-2013-05-08  s/n:38A1FC00	106848	1	OK	0.8691005	-0.4326290	0.0206869	-0.2388904	-93.381	-63.521	-839.327	0.2421793	0
1	Port 2: CAMP OT-Sensor-2013-05-08  s/n:38A1FC00	106851	1	OK	0.8691165	-0.4324302	0.0207581	-0.2391856	-93.577	-63.530	-838.990	0.2745076	0
1	Port 2: CAMP OT-Sensor-2013-05-08  s/n:38A1FC00	106854	1	OK	0.8692307	-0.4323927	0.0200173	-0.2389015	-93.697	-63.486	-838.840	0.2484056	0
1	Port 2: CAMP OT-Sensor-2013-05-08  s/n:38A1FC00	106857	1	OK	0.8691028	-0.4327297	0.0197020	-0.2387828	-93.791	-63.459	-838.651	0.2448104	0
1	Port 2: CAMP OT-Sensor-2013-05-08  s/n:38A1FC00	106860	1	OK	0.8691277	-0.4326362	0.0196575	-0.2388653	-93.934	-63.450	-838.432	0.2297887	0
1	Port 2: CAMP OT-Sensor-2013-05-08  s/n:38A1FC00	106863	1	OK	0.8692067	-0.4323943	0.0198289	-0.2390015	-94.114	-63.449	-838.162	0.2477136	0
1	Port 2: CAMP OT-Sensor-2013-05-08  s/n:38A1FC00	106866	1	OK	0.8692483	-0.4323761	0.0195868	-0.2389031	-94.280	-63.422	-837.898	0.2403777	0
1	Port 2: CAMP OT-Sensor-2013-05-08  s/n:38A1FC00	106869	1	OK	0.8690269	-0.4330260	0.0195179	-0.2385368	-94.411	-63.315	-837.665	0.2508314	0
1	Port 2: CAMP OT-Sensor-2013-05-08  s/n:38A1FC00	106872	1	OK	0.8691910	-0.4325394	0.0194151	-0.2388302	-94.604	-63.363	-837.368	0.2433732	0
1	Port 2: CAMP OT-Sensor-2013-05-08  s/n:38A1FC00	106875	1	OK	0.8693524	-0.4321099	0.0197686	-0.2389909	-94.736	-63.381	-837.176	0.2354092	0
1	Port 2: CAMP OT-Sensor-2013-05-08  s/n:38A1FC00	106878	1	OK	0.8690946	-0.4327877	0.0197786	-0.2387011	-94.878	-63.316	-836.918	0.2461015	0
1	Port 2: CAMP OT-Sensor-2013-05-08  s/n:38A1FC00	106881	1	OK	0.8691501	-0.4326820	0.0194540	-0.2387172	-95.055	-63.302	-836.622	0.2216023	0
1	Port 2: CAMP OT-Sensor-2013-05-08  s/n:38A1FC00	106884	1	OK	0.8691931	-0.4327527	0.0193023	-0.2384448	-95.289	-63.239	-836.241	0.2574092	0
1	Port 2: CAMP OT-Sensor-2013-05-08  s/n:38A1FC00	106887	1	OK	0.8692065	-0.4324735	0.0202435	-0.2388241	-95.476	-63.242	-835.960	0.2445132	0
1	Port 2: CAMP OT-Sensor-2013-05-08  s/n:38A1FC00	106890	1	OK	0.8692236	-0.4325738	0.0196254	-0.2386319	-95.576	-63.231	-835.793	0.2356755	0
1	Port 2: CAMP OT-Sensor-2013-05-08  s/n:38A1FC00	106893	1	OK	0.8692283	-0.4325526	0.0194327	-0.2386689	-95.603	-63.215	-835.754	0.2385426	0
1	Port 2: CAMP OT-Sensor-2013-05-08  s/n:38A1FC00	106896	1	OK	0.8691846	-0.4327951	0.0188045	-0.2384387	-95.607	-63.197	-835.697	0.2686769	0
1	Port 2: CAMP OT-Sensor-2013-05-08  s/n:38A1FC00	106899	1	OK	0.8692685	-0.4324270	0.0195078	-0.2387440	-95.697	-63.209	-835.651	0.2443010	0
1	Port 2: CAMP OT-Sensor-2013-05-08  s/n:38A1FC00	106902	1	OK	0.8692074	-0.4326194	0.0197967	-0.2385939	-95.802	-63.142	-835.405	0.2613006	0
1	Port 2: CAMP OT-Sensor-2013-05-08  s/n:38A1FC00	106905	1	OK	0.8692536	-0.4325292	0.0192796	-0.2386314	-95.990	-63.162	-835.117	0.2419011	0
1	Port 2: CAMP OT-Sensor-2013-05-08  s/n:38A1FC00	106908	1	OK	0.8692145	-0.4326704	0.0190927	-0.2385329	-96.260	-63.116	-834.694	0.2680213	0
1	Port 2: CAMP OT-Sensor-2013-05-08  s/n:38A1FC00	106911	1	OK	0.8692535	-0.4325454	0.0190386	-0.2386218	-96.486	-63.095	-834.291	0.2333305	0
1	Port 2: CAMP OT-Sensor-2013-05-08  s/n:38A1FC00	106914	1	OK	0.8692223	-0.4325541	0.0197582	-0.2386610	-96.672	-63.072	-834.068	0.2333351	0
1	Port 2: CAMP OT-Sensor-2013-05-08  s/n:38A1FC00	106917	1	OK	0.8692667	-0.4322857	0.0204021	-0.2389315	-96.873	-63.057	-833.795	0.2328418	0
1	Port 2: CAMP OT-Sensor-2013-05-08  s/n:38A1FC00	106920	1	OK	0.8693355	-0.4322103	0.0197411	-0.2388730	-97.109	-63.019	-833.385	0.2632997	0
1	Port 2: CAMP OT-Sensor-2013-05-08  s/n:38A1FC00	106923	1	OK	0.8693799	-0.4323071	0.0193685	-0.2385667	-97.409	-62.962	-832.887	0.2535041	0
1	Port 2: CAMP OT-Sensor-2013-05-08  s/n:38A1FC00	106926	1	OK	0.8693634	-0.4322019	0.0202127	-0.2387474	-97.709	-62.913	-832.389	0.2700442	0
1	Port 2: CAMP OT-Sensor-2013-05-08  s/n:38A1FC00	106929	1	OK	0.8692774	-0.4325529	0.0187836	-0.2385414	-97.919	-62.908	-832.023	0.2396993	0
1	Port 2: CAMP OT-Sensor-2013-05-08  s/n:38A1FC00	106932	1	OK	0.8694157	-0.4321738	0.0194168	-0.2386736	-98.114	-62.890	-831.749	0.2689280	0
1	Port 2: CAMP OT-Sensor-2013-05-08  s/n:38A1FC00	106935	1	OK	0.8692783	-0.4324096	0.0196047	-0.2387318	-98.310	-62.843	-831.443	0.2428045	0
1	Port 2: CAMP OT-Sensor-2013-05-08  s/n:38A1FC00	106938	1	OK	0.8693887	-0.4322002	0.0195181	-0.2387161	-98.411	-62.859	-831.278	0.2396159	0
1	Port 2: CAMP OT-Sensor-2013-05-08  s/n:38A1FC00	106941	1	OK	0.8693928	-0.4321688	0.0193792	-0.2387693	-98.483	-62.859	-831.207	0.2460552	0
1	Port 2: CAMP OT-Sensor-2013-05-08  s/n:38A1FC00	106944	1	OK	0.8694146	-0.4321017	0.0194294	-0.2388072	-98.536	-62.839	-831.084	0.2446877	0
1	Port 2: CAMP OT-Sensor-2013-05-08  s/n:38A1FC00	106947	1	OK	0.8694596	-0.4320439	0.0197903	-0.2387184	-98.594	-62.816	-830.987	0.2432141	0
1	Port 2: CAMP OT-Sensor-2013-05-08  s/n:38A1FC00	106950	1	OK	0.8692904	-0.4324911	0.0193703	-0.2385590	-98.694	-62.782	-830.802	0.2578888	0
1	Port 2: CAMP OT-Sensor-2013-05-08  s/n:38A1FC00	106953	1	OK	0.8693970	-0.4322660	0.0192001	-0.2385925	-98.869	-62.773	-830.524	0.2413436	0
1	Port 2: CAMP OT-Sensor-2013-05-08  s/n:38A1FC00	106956	1	OK	0.8693592	-0.4322283	0.0195800	-0.2387672	-99.024	-62.751	-830.302	0.2537785	0
1	Port 2: CAMP OT-Sensor-2013-05-08  s/n:38A1FC00	106959	1	OK	0.8694395	-0.4320047	0.0197371	-0.2388668	-99.175	-62.740	-830.086	0.2335950	0
1	Port 2: CAMP OT-Sensor-2013-05-08  s/n:38A1FC00	106962	1	OK	0.8693648	-0.4322482	0.0193675	-0.2387284	-99.391	-62.684	-829.707	0.2355862	0
1	Port 2: CAMP OT-Sensor-2013-05-08  s/n:38A1FC00	106965	1	OK	0.8694779	-0.4320703	0.0191214	-0.2386583	-99.722	-62.671	-829.200	0.2020816	0
1	Port 2: CAMP OT-Sensor-2013-05-08  s/n:38A1FC00	106968	1	OK	0.8693264	-0.4323713	0.0200658	-0.2385877	-100.092	-62.566	-828.614	0.2787440	0
1	Port 2: CAMP OT-Sensor-2013-05-08  s/n:38A1FC00	106971	1	OK	0.8695026	-0.4319721	0.0196684	-0.2387016	-100.426	-62.535	-828.106	0.2467682	0
1	Port 2: CAMP OT-Sensor-2013-05-08  s/n:38A1FC00	106974	1	OK	0.8693777	-0.4321922	0.0204917	-0.2386890	-100.742	-62.508	-827.626	0.2538669	0
1	Port 2: CAMP OT-Sensor-2013-05-08  s/n:38A1FC00	106977	1	OK	0.8693941	-0.4317947	0.0207136	-0.2393287	-101.031	-62.507	-827.192	0.2278998	0
1	Port 2: CAMP OT-Sensor-2013-05-08  s/n:38A1FC00	106980	1	OK	0.8694339	-0.4321162	0.0204219	-0.2386277	-101.316	-62.404	-826.605	0.2329559	0
1	Port 2: CAMP OT-Sensor-2013-05-08  s/n:38A1FC00	106983	1	OK	0.8695619	-0.4316730	0.0204053	-0.2389648	-101.726	-62.410	-826.086	0.2701087	0
1	Port 2: CAMP OT-Sensor-2013-05-08  s/n:38A1FC00	106986	1	OK	0.8693295	-0.4321899	0.0202764	-0.2388869	-102.167	-62.347	-825.342	0.2108407	0
1	Port 2: CAMP OT-Sensor-2013-05-08  s/n:38A1FC00	106989	1	OK	0.8692299	-0.4321235	0.0219580	-0.2392206	-102.735	-62.199	-824.497	0.2836144	0
1	Port 2: CAMP OT-Sensor-2013-05-08  s/n:38A1FC00	106992	1	OK	0.8697834	-0.4317589	0.0180214	-0.2381941	-103.102	-62.204	-823.815	0.2042281	0
1	Port 2: CAMP OT-Sensor-2013-05-08  s/n:38A1FC00	106995	1	OK	0.8694361	-0.4321373	0.0191973	-0.2386832	-103.313	-62.157	-823.518	0.2415665	0
1	Port 2: CAMP OT-Sensor-2013-05-08  s/n:38A1FC00	106998	1	OK	0.8693604	-0.4322237	0.0194121	-0.2387851	-103.420	-62.116	-823.388	0.2397620	0
1	Port 2: CAMP OT-Sensor-2013-05-08  s/n:38A1FC00	107001	1	OK	0.8695101	-0.4319532	0.0193184	-0.2387371	-103.561	-62.099	-823.135	0.2289105	0
1	Port 2: CAMP OT-Sensor-2013-05-08  s/n:38A1FC00	107004	1	OK	0.8695899	-0.4315792	0.0213029	-0.2389541	-103.852	-62.071	-822.709	0.2232109	0
1	Port 2: CAMP OT-Sensor-2013-05-08  s/n:38A1FC00	107007	1	OK	0.8695157	-0.4319382	0.0195862	-0.2387219	-104.153	-61.996	-822.206	0.2425404	0
1	Port 2: CAMP OT-Sensor-2013-05-08  s/n:38A1FC00	107010	1	OK	0.8695475	-0.4318488	0.0196641	-0.2387614	-104.507	-61.968	-821.659	0.2178020	0
